id,customer_id,tenant_id,identifier_type,identifier_value,confidence_score,last_seen_at
15367c28-d7cb-4c31-bd56-2e57227cfa87,3e075676-0f2e-4832-8147-ef1559236359,1,email,customer1@example.com,1,2025-12-09T03:18:14.419Z
c7555f78-dccf-4b2b-b95d-7611f506ea29,54db49cf-1b3b-4ff4-91f7-fcd53f400d33,1,email,customer2@example.com,1,2025-12-09T03:18:14.419Z
54563955-e29a-405a-9e3d-773d105b02e6,80ba82c2-eb7b-4cdd-93be-3376ddcf5269,1,email,customer3@example.com,1,2025-12-09T03:18:14.419Z
a16ada10-6ef0-418e-8671-63d0543367a7,884b8639-90c2-49ae-ae8b-cb620b6f5a71,1,email,customer4@example.com,1,2025-12-09T03:18:14.419Z
c7f4d252-d4c0-45d5-b45c-0191f697ab9b,d6e11ac2-779c-4126-aa95-16e29250dc7d,1,email,customer5@example.com,1,2025-12-09T03:18:14.419Z
26e9ae38-ba44-42c2-ba24-0f091d74b26a,b3d29ee2-55f5-44a0-ab8f-03ce239b6de8,1,email,customer6@example.com,1,2025-12-09T03:18:14.419Z
0ba3244c-319a-4581-a116-ca1d3f835c8c,516ff421-260e-41da-a050-2e1be4aedeb3,1,email,customer7@example.com,1,2025-12-09T03:18:14.419Z
d2af6cdf-e28a-40db-b6aa-5756be00e474,2e12a9d2-bfd3-480d-985e-12b55aeec76b,1,email,customer8@example.com,1,2025-12-09T03:18:14.419Z
ab9b1a88-df1a-42e3-a368-81d93d042e1d,c22a19e5-cf28-41cc-85e1-458820570296,1,email,customer9@example.com,1,2025-12-09T03:18:14.419Z
1a2489f7-7cf3-4e2e-a6b8-f6da2674e962,54d41b73-d660-492e-b4cf-cf496bbfad37,1,email,customer10@example.com,1,2025-12-09T03:18:14.419Z
6bf585ad-72db-4614-819a-7f2fb174da40,9f2061d5-7a7f-4453-b964-8e5c57933c2d,1,email,customer11@example.com,1,2025-12-09T03:18:14.419Z
933f637e-d8cc-4c28-9f01-8f636ad0a50a,7a5b592a-e9a5-4e97-b33a-fe16a28424cb,1,email,customer12@example.com,1,2025-12-09T03:18:14.419Z
972ecd65-c384-4af9-810e-750c1b48ec08,33914c37-501d-4a09-a54f-3ba44bc5bcdd,1,email,customer13@example.com,1,2025-12-09T03:18:14.419Z
8e6f8071-e8b6-4a75-8cb2-c21f71e6bd7f,14aa9d64-4747-4e78-a223-8cb1f3515689,1,email,customer14@example.com,1,2025-12-09T03:18:14.419Z
0f5e1c62-32f4-4992-8f5d-4bc8f5e6361a,29074982-3e38-4fc6-af9b-5699c2f96ea3,1,email,customer15@example.com,1,2025-12-09T03:18:14.419Z
9c5504d2-e62c-4bde-8ed2-6c36d204e959,8a395fc0-59a2-4162-a0a0-4078db751795,1,email,customer16@example.com,1,2025-12-09T03:18:14.419Z
89d9343b-81da-41aa-99e8-2eca1748a541,87336be2-d2b2-4378-99db-9dc582fcffa0,1,email,customer17@example.com,1,2025-12-09T03:18:14.419Z
7afcea30-6e5c-4baa-81ca-6ba3f656250e,832568ce-a514-42c6-8738-902b4fb503e4,1,email,customer18@example.com,1,2025-12-09T03:18:14.420Z
5f0306bb-0c45-4374-9602-ddf9e2b20290,c17b57cc-8733-4eed-a741-43175af7927b,1,email,customer19@example.com,1,2025-12-09T03:18:14.420Z
4e3678d0-5b13-4e25-af74-24aa26048a13,32851974-e036-49e9-8429-756d1ba0c0cd,1,email,customer20@example.com,1,2025-12-09T03:18:14.420Z
9d862fab-443b-45f0-902d-7f0d1e09c7f8,d7479625-42a5-4c3c-ade9-38d191b66f56,1,email,customer21@example.com,1,2025-12-09T03:18:14.420Z
eb05417a-8405-425e-a010-c7a09502bf3b,0e6d6dce-ac4f-47dd-a07a-ea09fbace17c,1,email,customer22@example.com,1,2025-12-09T03:18:14.420Z
db439a45-3070-494a-9b49-166fc6ddebd6,24620abe-3f3c-46d3-a92a-8a3524ba138d,1,email,customer23@example.com,1,2025-12-09T03:18:14.420Z
37d62550-3844-45cf-9c8a-5544b5307181,144b0d67-e7b4-4929-9d7f-9a8b63b37238,1,email,customer24@example.com,1,2025-12-09T03:18:14.420Z
2c8b15f1-227b-4b8e-aef5-5760f43e9022,90b01a6d-eada-43fe-b353-2978a33fa488,1,email,customer25@example.com,1,2025-12-09T03:18:14.420Z
a1c1d21e-6c86-4e69-85cc-e4d124163709,ec360aad-749d-4dd2-8123-c5cb8a3d4a87,1,email,customer26@example.com,1,2025-12-09T03:18:14.420Z
b8083972-f953-4e51-928c-f73be9da2e7d,cec95630-1613-4890-a3b7-9abba2f2dfc2,1,email,customer27@example.com,1,2025-12-09T03:18:14.420Z
56ab1bf8-1b17-4d9f-8ee3-bdd08b1aa748,eacb8e92-75e6-4f07-bc02-d725844d8f8b,1,email,customer28@example.com,1,2025-12-09T03:18:14.420Z
56849d19-b27b-40cc-947b-da37981e9876,08f25b32-b445-443e-bd23-2236318d2dfc,1,email,customer29@example.com,1,2025-12-09T03:18:14.420Z
bef6874f-c8d5-4e56-b21b-f76c3852e6bf,dde9ce44-9dca-4542-83f4-03094581a91f,1,email,customer30@example.com,1,2025-12-09T03:18:14.420Z
c81de66d-ec5f-4073-af7c-66ee634a422f,097300c8-7673-4a8c-a0e1-3f8c41003f32,1,email,customer31@example.com,1,2025-12-09T03:18:14.420Z
3f43356f-cf28-4025-83c8-708091a934a3,ccc0be4e-a2a2-4ab9-b186-6e8fa8fd1d11,1,email,customer32@example.com,1,2025-12-09T03:18:14.420Z
52dc6e8e-6dfe-4eef-9a3e-c7f0949543f2,51da34c7-8209-43ff-b7ea-9fdbc48920ee,1,email,customer33@example.com,1,2025-12-09T03:18:14.420Z
52fd3e0c-2795-4c00-bc06-a71b029e604f,ba221445-55eb-4bac-bf1e-c71052de3200,1,email,customer34@example.com,1,2025-12-09T03:18:14.420Z
cebabeef-2141-44d2-bc92-1f446133d4db,45f07459-0466-4809-926e-baf021fab968,1,email,customer35@example.com,1,2025-12-09T03:18:14.420Z
aab961f7-0753-4bf9-8155-467d4a81e0e1,a50fdb57-1f12-4e2f-9607-5ad1ab7d863e,1,email,customer36@example.com,1,2025-12-09T03:18:14.420Z
6685bb46-a16e-46d0-9bce-4d4f9565bc93,7bca7a53-fb83-4721-ab8c-2627918e160b,1,email,customer37@example.com,1,2025-12-09T03:18:14.420Z
dd624549-510b-4552-ad61-05f8969de6f4,65d97e34-827a-46b8-b112-56bcfb8e8232,1,email,customer38@example.com,1,2025-12-09T03:18:14.420Z
b5ee3b6e-ae16-4830-9c3c-4f34f320e046,d889e273-bb8f-4db4-b5e8-6a204c974ab7,1,email,customer39@example.com,1,2025-12-09T03:18:14.420Z
d72e2203-81a6-41a2-8446-1b5b4afa8c81,74890941-9d99-4813-b1c3-8c060b92bd28,1,email,customer40@example.com,1,2025-12-09T03:18:14.420Z
1ed4d5ee-cacd-4463-a896-3a8f9eb98109,2ac66eea-a126-448a-a7d7-fc5a6bf60a87,1,email,customer41@example.com,1,2025-12-09T03:18:14.420Z
fdea9d1c-b9d0-4f50-8fb8-d141edc7fdc4,48aea3bc-08e2-4854-80c5-f687d284f291,1,email,customer42@example.com,1,2025-12-09T03:18:14.420Z
9d35b675-0ee3-42b3-a8e2-d314e91546e8,5f855a1e-6aa0-4256-ba7d-fca631353a05,1,email,customer43@example.com,1,2025-12-09T03:18:14.420Z
1cdead0d-f22e-4b37-b656-0a97dd6ba473,90ff363a-2d86-40ed-83a2-db166bc8f72e,1,email,customer44@example.com,1,2025-12-09T03:18:14.421Z
5dad707e-228e-44c9-9ca9-2ef3f57bde2d,4ec646de-f6d3-4367-9a5c-506037529d1b,1,email,customer45@example.com,1,2025-12-09T03:18:14.421Z
e191adb1-2115-4848-ba5c-0858ca22439c,b9ed8078-c3fa-4296-8f81-e7c29e807306,1,email,customer46@example.com,1,2025-12-09T03:18:14.421Z
37c1b16c-dbe3-4240-94f0-a6162735db06,4e3f28f4-02bf-4fe3-b3aa-cf4ff7523599,1,email,customer47@example.com,1,2025-12-09T03:18:14.421Z
2cd7398a-712e-4504-b5c5-8436702e0bb6,71af9131-acde-4a44-b760-65c909837963,1,email,customer48@example.com,1,2025-12-09T03:18:14.421Z
4b2e9604-86e4-48fa-acef-c074d4394b72,eb62beb7-38fc-4ec7-b7fd-eba476ab6d26,1,email,customer49@example.com,1,2025-12-09T03:18:14.421Z
ed3fc693-d76a-4880-bf3f-c8b1db7d87dc,8b741906-ec90-441e-b8f2-7bcce0ca5df6,1,email,customer50@example.com,1,2025-12-09T03:18:14.421Z
dfe460d3-0608-4209-bbec-0ff1ca5c926d,f8f7e5c0-7841-48d7-a6b3-e784e5794cf0,1,email,customer51@example.com,1,2025-12-09T03:18:14.421Z
395db0d6-ddbc-4098-85db-4629ed6b3f90,2ad08271-c935-4d9d-be2a-ef1d210a44c3,1,email,customer52@example.com,1,2025-12-09T03:18:14.421Z
ee002262-12f5-4708-9242-79caa1fbad09,cfbfbf49-c73e-4c05-b037-0d89918760a1,1,email,customer53@example.com,1,2025-12-09T03:18:14.421Z
37fd4797-d2c6-4329-9204-ed0be2a9cbb0,7548286d-d978-437b-aedf-59a443243179,1,email,customer54@example.com,1,2025-12-09T03:18:14.421Z
2e7581d6-c100-448e-95f7-813b5eee3dd6,a84f87fd-d9f4-4d53-8b5d-4c6bcf3309f4,1,email,customer55@example.com,1,2025-12-09T03:18:14.421Z
b9e52a16-32d2-4cf4-9f27-06eb73887bee,ca8af896-51d3-4d63-b0a0-6cf7f88b54f1,1,email,customer56@example.com,1,2025-12-09T03:18:14.421Z
b7e05734-7fc9-4d03-b6dd-62b672d66107,52266982-c47b-47b7-b07c-096c1024c9bc,1,email,customer57@example.com,1,2025-12-09T03:18:14.421Z
73f08070-d6ed-48b3-90e3-d0d0538c1951,8b940164-7381-4989-beaa-ab92676e30c8,1,email,customer58@example.com,1,2025-12-09T03:18:14.421Z
81de6616-337c-418c-bf36-6e1fc3967211,eea14131-ed41-4b29-9cf6-68867c33744a,1,email,customer59@example.com,1,2025-12-09T03:18:14.421Z
0f83828d-e016-42ae-b2bd-37476bf342ee,09c09cfc-970f-4563-ad45-a1f5546a1dac,1,email,customer60@example.com,1,2025-12-09T03:18:14.421Z
0068da02-5ba3-497a-bdec-59fdc9e26c70,4175b55f-5c36-4d3b-82c0-246830645432,1,email,customer61@example.com,1,2025-12-09T03:18:14.421Z
e99ed271-885d-4d88-b96f-97e0b25a8d63,760386a8-da18-464d-aaf4-a05dae91a256,1,email,customer62@example.com,1,2025-12-09T03:18:14.421Z
7314cb4c-fe10-403f-a906-6112996c233a,c0f13169-c5be-47d5-be8c-542356205819,1,email,customer63@example.com,1,2025-12-09T03:18:14.422Z
44b90c03-86af-470a-94f5-f0a54a312cfa,5bec17fe-b6b6-4d67-86ee-af34bddb70b5,1,email,customer64@example.com,1,2025-12-09T03:18:14.422Z
eb8ad706-7bf7-4485-afc3-cb674ef389fb,d5ecb57a-230f-47df-9c4c-f4ca4666871e,1,email,customer65@example.com,1,2025-12-09T03:18:14.422Z
fd46557c-9baa-4e6f-aa0c-87b0607bd1d5,f8771338-2813-4150-9e4a-b5a612257477,1,email,customer66@example.com,1,2025-12-09T03:18:14.422Z
95d42281-bb71-4e1c-a3ac-cfa6840fc1f8,431a1e9b-de25-4ada-852c-4ae9fa8e0043,1,email,customer67@example.com,1,2025-12-09T03:18:14.422Z
26dc7923-55f6-47a0-9912-046e6270ed61,c2ddf7de-26bf-4868-b70e-cc1fd08bc3a4,1,email,customer68@example.com,1,2025-12-09T03:18:14.422Z
08f7fb0c-9044-480c-b192-d31bb29e3d48,0dcc1b7b-ecb6-42ff-b503-888f0d022866,1,email,customer69@example.com,1,2025-12-09T03:18:14.422Z
a39dcb0c-f334-41d9-bab3-9aa4d3804aae,06c03012-3d92-446d-abd9-8f0b5321f2d3,1,email,customer70@example.com,1,2025-12-09T03:18:14.422Z
4652590f-9c14-411a-b597-8bd184762f5d,ad09c561-74d1-4de1-940d-81c408e6e408,1,email,customer71@example.com,1,2025-12-09T03:18:14.422Z
403eb07f-f952-4214-8a31-338e04c45325,a45f7d88-d51f-456a-8187-9feb0619861f,1,email,customer72@example.com,1,2025-12-09T03:18:14.422Z
3c4cdba1-d5ce-4926-bd3f-c8663523400c,5e462283-5e9b-4a63-9748-c220c909ae96,1,email,customer73@example.com,1,2025-12-09T03:18:14.422Z
eeb722fe-4b88-4c38-adb2-a4d90c6db5ef,16b85298-4fbc-49a8-a6ad-9b15cbcae9e2,1,email,customer74@example.com,1,2025-12-09T03:18:14.422Z
dadec03d-4716-46a7-b8f0-fd607be7ab15,e8ba8858-e34c-402f-8978-78a555cb08b0,1,email,customer75@example.com,1,2025-12-09T03:18:14.422Z
8d9ad1a1-1be4-4f31-9ff8-323058c62e3b,5c9c0cfb-f627-49d3-a360-7a8dfc5750f5,1,email,customer76@example.com,1,2025-12-09T03:18:14.422Z
6abff7f6-d685-473b-aa87-34fc61ab4115,08e8b5bd-9c67-42ba-93f9-1636ba71c957,1,email,customer77@example.com,1,2025-12-09T03:18:14.422Z
ff8d94f3-e0d0-478c-9085-a424441b8434,15febb94-86b4-47b5-9dbf-d4d961093de3,1,email,customer78@example.com,1,2025-12-09T03:18:14.422Z
9ef99b9f-77a9-43cc-a6f5-67378f812ff6,aeec7e57-0a5c-49a2-8f47-dd00e27b29b9,1,email,customer79@example.com,1,2025-12-09T03:18:14.422Z
0e1c2128-883c-44b8-90bc-852b90d4fdca,86ebd002-9fcd-4a81-bdfb-c0c47ebdc0ce,1,email,customer80@example.com,1,2025-12-09T03:18:14.422Z
e79317eb-39e0-4ba8-8032-a67dd6d0156d,a40db32b-d708-4631-9685-3b303a830059,1,email,customer81@example.com,1,2025-12-09T03:18:14.422Z
e73b292e-06f8-444d-bb71-4ca5808f4d0b,31456463-abaa-4efa-a53d-ea0f6c6922a8,1,email,customer82@example.com,1,2025-12-09T03:18:14.422Z
7926e267-76ac-4310-8c94-93522ff58a0f,38a69f22-740f-472c-8e71-6e2dab015ca4,1,email,customer83@example.com,1,2025-12-09T03:18:14.422Z
0ed6d77f-46b0-423c-ae84-9ccba0b34367,bb9ba6e0-9ce7-4eaa-8aaa-0c3c482f93fb,1,email,customer84@example.com,1,2025-12-09T03:18:14.422Z
34fc504e-55b9-4cda-8e0e-0ee06d4752fa,0446bba9-da3a-4b2c-86a9-9c54ac32e49c,1,email,customer85@example.com,1,2025-12-09T03:18:14.422Z
4be7fa41-6999-4cba-b4e5-f985261704a1,a987ac56-d0b1-4e6d-877a-5735df8ebce8,1,email,customer86@example.com,1,2025-12-09T03:18:14.422Z
03f5a0c3-c958-4f84-a294-f5b24e3f48c5,717d5c8e-3675-4a7a-843f-5c3656d8aa58,1,email,customer87@example.com,1,2025-12-09T03:18:14.422Z
d1edabac-6b75-4b8f-82d9-865246bebe31,a0a240d1-0df1-4fc6-aadc-948a0d73d3c4,1,email,customer88@example.com,1,2025-12-09T03:18:14.422Z
02c698c5-4d75-43bf-bf0a-5ef435320473,68b5d2c7-6442-4a82-b451-a8c7f5b55b40,1,email,customer89@example.com,1,2025-12-09T03:18:14.422Z
3d6b2772-622f-4fc4-a026-61db0977e72b,01a37d61-b3f8-4bdb-a1ff-7abde63e035a,1,email,customer90@example.com,1,2025-12-09T03:18:14.422Z
91d2acbc-7641-40b6-89d6-45e3b6ae9cb0,fa6b22e3-565f-4211-a02b-e75486cb0ae1,1,email,customer91@example.com,1,2025-12-09T03:18:14.422Z
ec3e04bc-bd88-4556-9235-bc83ffc08db5,a7a47785-f78d-412f-867d-9442e48737a1,1,email,customer92@example.com,1,2025-12-09T03:18:14.422Z
21b48443-ad16-4717-8d80-f20e7431febe,6cf5f330-9f81-490d-a89e-a0fd2a3c7361,1,email,customer93@example.com,1,2025-12-09T03:18:14.422Z
eee2c029-b1a3-41f4-ab3b-9eefcaaad97f,ae019526-a4b7-4fd7-bf77-c93137492879,1,email,customer94@example.com,1,2025-12-09T03:18:14.422Z
e5b38a4a-32a4-44b0-b3aa-5abc3fb18b7d,af01658c-d149-4afd-8800-d3db6a784b63,1,email,customer95@example.com,1,2025-12-09T03:18:14.423Z
6f4a055b-6cb1-4529-beab-323aba73b464,6ec361e8-cb0a-445c-9bdc-fd2f41e7288b,1,email,customer96@example.com,1,2025-12-09T03:18:14.423Z
07f82858-d53a-42da-8961-c51c8d8fde62,28c2ac6c-8bb3-4cc7-821d-70dec63278d4,1,email,customer97@example.com,1,2025-12-09T03:18:14.423Z
b70c5c09-1c43-4060-9e33-413f26a0250c,1a56d121-dfe4-433c-86bb-f3fb70b0800b,1,email,customer98@example.com,1,2025-12-09T03:18:14.423Z
15988486-20dc-4210-bf90-79d891262e7c,8a4a41f6-3f83-4fa1-98e1-d3b0d89bb75d,1,email,customer99@example.com,1,2025-12-09T03:18:14.423Z
4cbba90b-d5f2-429e-8c98-3fa6e9f35a20,f7e8485c-c20d-4a1c-a981-b41376596f97,1,email,customer100@example.com,1,2025-12-09T03:18:14.423Z
aae75795-58fe-4730-b8ab-ed51181a181c,e577233c-e72d-43b2-9661-7a0e31d09cb4,1,email,customer101@example.com,1,2025-12-09T03:18:14.423Z
de9c26b8-7839-4c9f-8a17-9162f16d31aa,e310144d-9dd6-4f7f-b1b5-e8c3eff846ea,1,email,customer102@example.com,1,2025-12-09T03:18:14.423Z
772a2a8e-af16-4f78-a744-467e9defe8fb,e9f6327c-338c-4d23-ac73-d75e5974fe69,1,email,customer103@example.com,1,2025-12-09T03:18:14.423Z
81b34a76-2c54-4070-90c8-17cf4db35262,35f88405-bcbb-4ed8-a811-e97cb4c62704,1,email,customer104@example.com,1,2025-12-09T03:18:14.423Z
6914d467-1da4-4ca6-b162-b6039b2574e7,7afe1073-aed0-4714-a930-8c54f78ee01e,1,email,customer105@example.com,1,2025-12-09T03:18:14.423Z
956bb81a-06d2-4f10-9306-119a5532eb5c,da6afd46-042e-49f2-918e-8011ff7bb3de,1,email,customer106@example.com,1,2025-12-09T03:18:14.423Z
063e72ab-343c-43ac-97eb-3915eeadca75,d1330803-e812-4b3f-a05a-4178addef934,1,email,customer107@example.com,1,2025-12-09T03:18:14.423Z
289f8d18-e45e-480b-a6ac-d8fc571ef497,eef853cd-4572-48ef-a7a6-c5aa0118da2a,1,email,customer108@example.com,1,2025-12-09T03:18:14.423Z
01d6800c-4175-434b-b153-408a9f446d6e,e73e151e-235a-46ba-85b1-6dc30a3087c3,1,email,customer109@example.com,1,2025-12-09T03:18:14.423Z
e9f3642f-7eba-46cd-b4ea-38ccb80e5b18,e4a6d576-9f5b-41c5-a921-ac8956e2e1a7,1,email,customer110@example.com,1,2025-12-09T03:18:14.423Z
5950b185-c0b8-45c0-8287-4751b1b853cd,bce8b358-c5e0-44aa-a424-1656afa1183c,1,email,customer111@example.com,1,2025-12-09T03:18:14.423Z
3fb438b0-da94-4844-8f9f-80fc5ee5872f,5ce87a5f-a66c-4ae5-be12-39df80b3d30d,1,email,customer112@example.com,1,2025-12-09T03:18:14.423Z
0e857f49-dc4c-48c6-923c-e12e926552aa,364c41f3-6ba9-4ac7-a6ba-dfc43d7c07da,1,email,customer113@example.com,1,2025-12-09T03:18:14.423Z
9b7becfe-fe2b-44fa-8f45-dea5e2849149,9159ca18-6e5a-45b4-ac8c-3913e705c83e,1,email,customer114@example.com,1,2025-12-09T03:18:14.423Z
2240ac90-76db-4830-80c3-6ae3b0cb1ce6,5eb656b7-2724-46e4-8b61-3538daf8678c,1,email,customer115@example.com,1,2025-12-09T03:18:14.423Z
a49bd969-f9a5-4080-9640-1ba405ebe19c,8118c232-8a63-405a-9d82-28a563ae96f5,1,email,customer116@example.com,1,2025-12-09T03:18:14.423Z
667976fa-bd89-440a-a075-df459f59bbc1,bce70c5b-1c23-4cbd-9c77-61b4d3c11c89,1,email,customer117@example.com,1,2025-12-09T03:18:14.423Z
a7e5eb6f-2a8f-475b-868f-755bab9442d0,b5b395e2-883b-44cf-9525-540a03e4d94d,1,email,customer118@example.com,1,2025-12-09T03:18:14.424Z
8289b23a-5e05-4913-a454-61a2158f7271,92914b07-d219-490c-bcd1-496bbfff9be5,1,email,customer119@example.com,1,2025-12-09T03:18:14.424Z
6c8063ba-d076-4cb3-b909-ee639d3d62bd,45d11f6a-43aa-4e8f-addd-bffa2eb4f77c,1,email,customer120@example.com,1,2025-12-09T03:18:14.424Z
568a6997-9506-4ba8-b4ff-4155dd2dd265,40dcdc30-b935-4520-b34d-aa91ecb62e8b,1,email,customer121@example.com,1,2025-12-09T03:18:14.424Z
dc3dab5f-5760-4f02-9e20-ad762f6227c6,59af898c-a7ff-42a0-ae9f-1e6de9fbfa1c,1,email,customer122@example.com,1,2025-12-09T03:18:14.424Z
387693f4-3b8c-48ac-b31b-0ae28152b1d6,ea52a6a9-82da-449a-9e58-cdbc32a33d88,1,email,customer123@example.com,1,2025-12-09T03:18:14.424Z
9f3ff85b-81f0-43e5-afbd-e4738affd397,8e3dd1da-6e58-4259-9db3-55fae8f214d3,1,email,customer124@example.com,1,2025-12-09T03:18:14.424Z
beaae93c-3d3f-4007-882b-f587c8b9cb22,e783ac0b-8b00-485f-82b2-ab3b88d89f6f,1,email,customer125@example.com,1,2025-12-09T03:18:14.424Z
e066d7c5-e4c4-4890-8005-1ce65aa7d8c4,f9f3e75f-8abb-4b47-a6e2-300cc4f128a5,1,email,customer126@example.com,1,2025-12-09T03:18:14.424Z
83c0b8a3-fe47-4306-b084-5a7e30748a48,e5b7b409-4ed1-4cd8-a3f2-20db97110ba9,1,email,customer127@example.com,1,2025-12-09T03:18:14.424Z
03ac24d2-3d8d-4deb-985d-c433b2799d5e,03548329-2601-4161-9640-4d2e5d3ee5b3,1,email,customer128@example.com,1,2025-12-09T03:18:14.424Z
6bb50628-7cc4-46d5-a90c-fdcdcd3ec985,941fd71b-a267-49a5-9662-59d24419df5e,1,email,customer129@example.com,1,2025-12-09T03:18:14.424Z
bd7b0f41-1e49-4a35-a510-887fce6b0182,08ae7470-e5b8-4d5f-b7c7-4e66d028c3b2,1,email,customer130@example.com,1,2025-12-09T03:18:14.424Z
c4001bb0-fab7-4c79-b8a3-c544375dd0b8,37347282-5090-49b8-b45e-b563ccf963ca,1,email,customer131@example.com,1,2025-12-09T03:18:14.424Z
c9f239d3-fb92-4152-ac07-91089d915141,7df49daa-273a-4d4f-b309-6b44678453e9,1,email,customer132@example.com,1,2025-12-09T03:18:14.425Z
6f1a681b-e5b7-4262-9b59-66ff2b040bb4,01e2ad4d-1a61-4769-a556-a919ffc32c88,1,email,customer133@example.com,1,2025-12-09T03:18:14.425Z
1d7473a4-b0fc-40fd-ab13-23fa2b64203e,7b1fc5b5-0042-4d13-aa90-ccf4cad7fd5f,1,email,customer134@example.com,1,2025-12-09T03:18:14.425Z
f034403a-5f55-474f-aff1-0e9c130c9e9d,cc3cf981-d311-4303-9fbe-217b19dd3499,1,email,customer135@example.com,1,2025-12-09T03:18:14.425Z
3745b0f7-833f-4294-a8e5-4b5e7fa6a1ec,8be96da2-7cd8-48c7-b5ba-9d87dc7a4cf6,1,email,customer136@example.com,1,2025-12-09T03:18:14.425Z
56c2754a-9d07-4526-b182-b09a883b6746,0494bb76-7140-472e-a6ba-977fb6fbc6db,1,email,customer137@example.com,1,2025-12-09T03:18:14.425Z
9b74a5df-a078-4de0-b252-7c2a9535b349,fe567fdf-8fea-4d87-bd4a-46bc6ef7f8f4,1,email,customer138@example.com,1,2025-12-09T03:18:14.425Z
89a8c5e4-2b42-4fb9-802f-c7bf0ffeb0ca,cc282ba6-85dd-470a-8281-1b059b19bcaa,1,email,customer139@example.com,1,2025-12-09T03:18:14.425Z
5c1a1157-5027-4ba1-9f73-d9bd4cfdd2f6,280f00f6-07f5-4d19-90e2-fb18be1d2a79,1,email,customer140@example.com,1,2025-12-09T03:18:14.425Z
727d04e2-ac02-4ce3-90c8-803d1e4c28b1,d091748c-c2c1-4456-9e58-c3228d191f23,1,email,customer141@example.com,1,2025-12-09T03:18:14.425Z
10db3bc7-c34d-428e-abbd-daeee462c13d,e74bc614-62c3-4067-99b7-e062b6b380b5,1,email,customer142@example.com,1,2025-12-09T03:18:14.425Z
ba7b013c-6f92-4648-89b6-d5d2783fb400,ba5695fb-39f9-4e9d-8ec8-6c3329f1b967,1,email,customer143@example.com,1,2025-12-09T03:18:14.425Z
94f66e86-bc4a-4f18-922c-c1ce5c922f2d,ddb60c87-0c20-4fb0-b64f-ee9940c6ddc3,1,email,customer144@example.com,1,2025-12-09T03:18:14.425Z
16361686-1738-455f-9e51-58c562cad1bb,1bf3e0e9-1fb5-4769-9146-612e31175e12,1,email,customer145@example.com,1,2025-12-09T03:18:14.425Z
80e219c7-6b5c-4df3-83e6-aaa10553b1ac,92b2bd22-f6a8-4387-9477-f63cf2897d20,1,email,customer146@example.com,1,2025-12-09T03:18:14.425Z
e31e9e73-bf27-46bc-9dd8-8f96d1389774,66b765fe-5df6-4e7d-8f3c-571f50be1e9d,1,email,customer147@example.com,1,2025-12-09T03:18:14.425Z
92838ca0-993b-4fe1-8e7f-46f9bae95102,a9400ccf-a2bc-47e2-b908-6f02093faa3f,1,email,customer148@example.com,1,2025-12-09T03:18:14.425Z
33d99d9d-849f-4f0b-a1b5-e6643b786941,2e754ea8-150c-4cbd-8037-f6ef0588a0e7,1,email,customer149@example.com,1,2025-12-09T03:18:14.425Z
93938987-66ad-4740-9262-54ec848c2600,f7d29da0-a475-4496-8f1f-94023d755214,1,email,customer150@example.com,1,2025-12-09T03:18:14.425Z
41cde2d6-46ca-413d-9a60-21a0cdeb700d,a242d498-dd45-4168-b8df-a707c3ccd2ef,1,email,customer151@example.com,1,2025-12-09T03:18:14.425Z
7ec02591-b8b6-4bc7-b4fe-d63696276d9e,27ff0eb2-bf07-4c80-9177-c390f4b7e49f,1,email,customer152@example.com,1,2025-12-09T03:18:14.425Z
b72b5c4e-5860-4362-b60b-eb224852618e,9595c88f-a15d-429f-91ba-756f3dd95efb,1,email,customer153@example.com,1,2025-12-09T03:18:14.425Z
a0954b50-41c6-4bb6-9d0a-47ef75b53e3e,3234de28-bcab-422e-b5f2-f57489b75db1,1,email,customer154@example.com,1,2025-12-09T03:18:14.425Z
a56e66fc-4bc7-4b84-8353-825574104f6f,a721791d-e06d-4049-abeb-e1101db83c34,1,email,customer155@example.com,1,2025-12-09T03:18:14.425Z
18e03d91-6fbc-47a4-b14a-693557e904b4,11641858-b35b-4040-81bb-b36de494b471,1,email,customer156@example.com,1,2025-12-09T03:18:14.425Z
8cd4c704-d074-4025-b2b5-63b46c3e83df,7698bde4-6b58-4583-b848-d23b230d623e,1,email,customer157@example.com,1,2025-12-09T03:18:14.425Z
5749e198-ca0d-444a-ab7d-7af5449d6bd3,ab9cadf2-6d0f-4c9f-8932-1b06f2bbcb3f,1,email,customer158@example.com,1,2025-12-09T03:18:14.425Z
9cee94ec-1ef8-408b-8f39-edb267cf719d,b8b6ac2f-91cc-488c-9052-1ba0f47e756f,1,email,customer159@example.com,1,2025-12-09T03:18:14.426Z
1c1e397d-fe7f-4a8d-b310-81a0b5179949,6afa7179-8e15-4d89-9147-b63f03d9f6f0,1,email,customer160@example.com,1,2025-12-09T03:18:14.426Z
e8e96e37-a938-43da-b7df-84001910dc0a,ff612eec-5e92-4ef3-a334-c93efbecb27d,1,email,customer161@example.com,1,2025-12-09T03:18:14.426Z
27241f55-bb2a-4162-983c-74fa53f9a96a,adc28b5b-c311-4ca3-bcdb-2447da818be2,1,email,customer162@example.com,1,2025-12-09T03:18:14.426Z
8857511b-2d49-4055-b5ac-7f78323bc5be,98938445-e07a-4991-9df1-cd22a5b72cec,1,email,customer163@example.com,1,2025-12-09T03:18:14.426Z
c658b783-8be1-4b0f-81f4-ffd5f32b857d,169fa08b-8099-426d-8bfb-a8672d4d12bd,1,email,customer164@example.com,1,2025-12-09T03:18:14.426Z
b27730ec-f396-48f1-a591-ad8ca1fff3e2,a483035d-a654-42b3-b312-28e3700cedd1,1,email,customer165@example.com,1,2025-12-09T03:18:14.426Z
537f8ec0-0bd1-4eba-892d-721bb34fe253,63891f7e-f247-46c7-9c10-3c5c8bc2eb0e,1,email,customer166@example.com,1,2025-12-09T03:18:14.426Z
abdabcd2-0d32-4e95-aaa3-598bae7272e8,3f1cc834-c402-474b-b601-73db08286837,1,email,customer167@example.com,1,2025-12-09T03:18:14.426Z
c1f85cf0-14c0-4b7c-9ed2-79a0584e9024,ef2bc514-a347-4934-b3e3-556712506550,1,email,customer168@example.com,1,2025-12-09T03:18:14.426Z
2b456bff-b8ee-401d-bdbf-8c3ad5a7d332,4036c4ad-9b8e-4b4d-b461-e9c5d0f4d5cc,1,email,customer169@example.com,1,2025-12-09T03:18:14.426Z
7a4ea2f5-7e61-489d-8bf5-cdd237f14d26,cf342d5d-8b86-4d1c-ab48-307340b63e14,1,email,customer170@example.com,1,2025-12-09T03:18:14.426Z
1903c23e-e180-4df6-ac78-106d5653836b,166140b4-b2bb-4788-b52c-a2d558f44d22,1,email,customer171@example.com,1,2025-12-09T03:18:14.426Z
fc00eeff-abe2-4a04-b5dc-75259bf3b58b,a2d93da5-8ed4-413b-bf59-996e809e08c9,1,email,customer172@example.com,1,2025-12-09T03:18:14.426Z
4dc13e5e-14d9-4a88-8350-2a3392cc0d0a,9c7c4b6c-5947-4fe3-a3cb-662921c2a5e1,1,email,customer173@example.com,1,2025-12-09T03:18:14.426Z
97069360-9160-4be5-8cdb-c616ae642bf2,51692abf-d543-4bf5-b41e-42cfa3ad509e,1,email,customer174@example.com,1,2025-12-09T03:18:14.426Z
5d397bc6-1350-420d-8a40-eb1147c0d543,3dc72712-1527-4cca-9312-5f6013a13f70,1,email,customer175@example.com,1,2025-12-09T03:18:14.426Z
79c2327b-9268-444a-8060-1028945b6e99,e35569ad-fc8e-4030-8d8c-150965cc2f7c,1,email,customer176@example.com,1,2025-12-09T03:18:14.426Z
977f83b7-ae0f-45bb-ad4f-31da93b7b838,9bcce322-d531-48c0-b757-e02fee8f5875,1,email,customer177@example.com,1,2025-12-09T03:18:14.426Z
733c116d-fe6c-4396-accc-9a9919c1ec23,0b950510-fb9e-4a79-884c-b1b049fe2722,1,email,customer178@example.com,1,2025-12-09T03:18:14.426Z
a214debd-ec87-436e-ad8a-690572e57f2c,421aa091-ab17-4562-8af1-92863daf8ea1,1,email,customer179@example.com,1,2025-12-09T03:18:14.426Z
344daf6a-5bb4-46ce-8639-26d53797c00b,75c1880a-4831-4b9c-bd08-f8a005c64bb6,1,email,customer180@example.com,1,2025-12-09T03:18:14.426Z
75b2b8b5-b1e1-47aa-a085-9da5c481dcf0,f944856b-af72-4fef-9aeb-8ec68df07dd6,1,email,customer181@example.com,1,2025-12-09T03:18:14.426Z
2387abad-9e49-4227-82fb-f016e68db684,94a060af-93c3-4c07-b180-29c7d796c01d,1,email,customer182@example.com,1,2025-12-09T03:18:14.426Z
4b00439b-843d-473f-88b5-b700c6b4adaf,4ea87d86-3646-4d4c-b800-287ebbb03263,1,email,customer183@example.com,1,2025-12-09T03:18:14.426Z
f0d9bc2c-b9ff-4a51-85c9-ba23a8a4386e,46a153f3-cb2f-4b01-850f-7d95ecc4472e,1,email,customer184@example.com,1,2025-12-09T03:18:14.426Z
8a8239ac-c983-4848-a8c2-4eeda57bdabc,eb2e2b00-9e3a-4306-ac90-213f951c2794,1,email,customer185@example.com,1,2025-12-09T03:18:14.426Z
71d0918b-f7dd-41a8-8635-ee9015015fc1,7f81ecc7-96de-4337-a2d9-c62e0ca7d8e7,1,email,customer186@example.com,1,2025-12-09T03:18:14.426Z
6c192973-9cbb-418f-beac-30cedaa108e4,f8d6addd-87ac-4316-8a73-3ac74a4463fa,1,email,customer187@example.com,1,2025-12-09T03:18:14.426Z
aff16031-130b-449a-a935-fff98b011b6c,58127055-ff62-43d4-bd02-c55b8bdc1254,1,email,customer188@example.com,1,2025-12-09T03:18:14.426Z
44c2d2c9-fb44-42b3-8649-922c5d85d496,05d44275-ad14-427e-b00e-44f8e71c9bac,1,email,customer189@example.com,1,2025-12-09T03:18:14.426Z
2672c010-0a9c-451b-8657-bce205315709,df144007-a4c0-4486-9006-d3c11cb6180c,1,email,customer190@example.com,1,2025-12-09T03:18:14.426Z
e0503e85-1f70-46f6-9b1d-86dc01fc9631,9eb737a4-8632-46b7-949a-a11b6e28173c,1,email,customer191@example.com,1,2025-12-09T03:18:14.426Z
1d53ea30-7e36-4ff1-803a-57fcecc9da15,5f57f277-c272-43b5-8bff-66d57ad825b5,1,email,customer192@example.com,1,2025-12-09T03:18:14.426Z
b0aaadd6-ad7f-4b2a-bfca-6b9270c69769,3b9afedc-0b7b-4a9e-a55c-7803c9463cf6,1,email,customer193@example.com,1,2025-12-09T03:18:14.426Z
66197d9f-111a-4a4a-9836-809fd733f23f,9ebdc62f-22ce-46a2-b44e-4d37f9afb4f2,1,email,customer194@example.com,1,2025-12-09T03:18:14.426Z
7f9a7aaf-480a-40fd-b2b3-cb82fc57cb6e,10055f59-19ff-4ca9-9d2d-bf97f45a691d,1,email,customer195@example.com,1,2025-12-09T03:18:14.426Z
cce42230-5ef9-4535-bf12-1e29f19af2a0,a39788b6-55b0-45a8-80e0-7d09bf7fc1cf,1,email,customer196@example.com,1,2025-12-09T03:18:14.426Z
3f3289c7-0a34-4a62-9f97-5e391a1d7513,530a01ce-84a8-4e4c-b897-e04a94b5c291,1,email,customer197@example.com,1,2025-12-09T03:18:14.426Z
145cc89f-15da-477b-b7e9-e618c2549636,d46c3470-37ec-462f-acd9-7748cec6ca83,1,email,customer198@example.com,1,2025-12-09T03:18:14.426Z
01e25ed3-ee27-40c9-aeeb-00d4d3dd8b41,44f0109a-c508-4fc4-81c4-6be924765463,1,email,customer199@example.com,1,2025-12-09T03:18:14.426Z
10135b0e-d0dc-49cb-a36d-41e333bb1e03,ddfab9c8-1427-4f16-8448-0d1ca5833b11,1,email,customer200@example.com,1,2025-12-09T03:18:14.426Z
c66efde3-80bd-4896-aef7-77644e370095,e5d2ddb0-8c7f-47bf-981f-06600f1df730,1,email,customer201@example.com,1,2025-12-09T03:18:14.426Z
9e5d7294-db10-418a-83e5-c9e3694ced76,230681d4-3bb4-4b61-9ef6-0e6d5f841683,1,email,customer202@example.com,1,2025-12-09T03:18:14.426Z
c912c11f-6a51-4dc5-a9a2-35c1d0b0b90a,acd924cd-8ccb-4d93-bd83-12f0c5164ce6,1,email,customer203@example.com,1,2025-12-09T03:18:14.426Z
cf5d8c82-77b5-44c5-8c2e-edf5197e48be,6df8d2af-956a-4b5f-8821-63bcd62819a0,1,email,customer204@example.com,1,2025-12-09T03:18:14.426Z
3f42fb1e-d3c9-4749-ad0d-692080c24595,93689ad6-bc2a-4951-8817-6981495e113b,1,email,customer205@example.com,1,2025-12-09T03:18:14.426Z
412c57fd-c6db-49b4-9200-6439e7c1c270,fd5797d9-7f48-4127-a7b1-13645acd6ccf,1,email,customer206@example.com,1,2025-12-09T03:18:14.426Z
f8f831bc-9845-4968-9dd4-f57fe1011f57,5ca07af4-d939-493c-9464-c969fe20ebac,1,email,customer207@example.com,1,2025-12-09T03:18:14.426Z
cc421ab5-6026-4bf4-8d11-2e5bfc8887b6,d07f1011-4f4e-4860-b202-bebca84ddba9,1,email,customer208@example.com,1,2025-12-09T03:18:14.426Z
18c3f65c-2c09-4142-addd-a4dc4dd5929f,8abb3df8-e7c4-4051-a6bb-561adbe3e4ad,1,email,customer209@example.com,1,2025-12-09T03:18:14.427Z
2b2b8219-ad2a-40ee-9023-1234fd67d9b4,ef1e50d4-8d44-496b-a642-e420029fd526,1,email,customer210@example.com,1,2025-12-09T03:18:14.427Z
5e0d7c05-2367-4cd3-bbaf-5ad5c6b5eeaa,dc0436d7-d302-453f-ad23-1035ebb7c406,1,email,customer211@example.com,1,2025-12-09T03:18:14.427Z
2bd01b91-06ef-48ee-b259-987781d318d4,160f3217-37f4-42ec-ba2b-01d9af65f1e1,1,email,customer212@example.com,1,2025-12-09T03:18:14.427Z
58f2d8eb-d8e4-4672-b175-7566a771fb04,d39d2cd7-09d4-4f95-94ff-ca5ad9ffb201,1,email,customer213@example.com,1,2025-12-09T03:18:14.427Z
b6c0ceb1-5edf-4f28-955c-6c2465b3a4cc,0c5e1b8b-ef9f-437e-9253-b6567838846a,1,email,customer214@example.com,1,2025-12-09T03:18:14.427Z
3da6f4d8-296e-4335-8ae4-03aa135ddc49,28d265ce-2569-4d9b-ba11-8f58c29e5702,1,email,customer215@example.com,1,2025-12-09T03:18:14.427Z
b9d4e89e-fb9d-4334-87cb-ec9d5e7a1524,e1708905-f42b-4176-9635-a66cb28e572a,1,email,customer216@example.com,1,2025-12-09T03:18:14.427Z
4912a939-bcb9-48b0-8607-ca9e73a919fe,e3213c80-9696-4679-82e4-374e6eebc553,1,email,customer217@example.com,1,2025-12-09T03:18:14.427Z
cb4a14cc-cf46-459a-a170-064c067057e6,2159bb3a-c2c8-417e-8a17-5d24cc0d2aa5,1,email,customer218@example.com,1,2025-12-09T03:18:14.427Z
49f4d308-f94e-4c17-bfa1-a3f752c09f54,2ed9a8aa-6891-4bcc-97b5-f6f8d9d5f494,1,email,customer219@example.com,1,2025-12-09T03:18:14.427Z
9917fe1d-5585-4ab3-8729-d3a20facc46b,8cbd16a8-2661-48d8-b918-fcc2822117b3,1,email,customer220@example.com,1,2025-12-09T03:18:14.427Z
e9102e8e-afa0-40a2-84f2-4dfdcbb53e4c,ce6b5dcb-d24c-4cf8-a4e5-1618bcf450f8,1,email,customer221@example.com,1,2025-12-09T03:18:14.427Z
f74cf4d0-5d4c-4cee-ad49-a39790dafbc7,4c50c2a8-8b87-498e-b752-5252cfc9f2b7,1,email,customer222@example.com,1,2025-12-09T03:18:14.427Z
f0b09ba7-43d5-4fbb-b141-c93edff3378d,55a19170-6e09-4529-8928-a6d18ab1b727,1,email,customer223@example.com,1,2025-12-09T03:18:14.427Z
a8b841e2-695d-4b87-ba40-58521132afa1,ebb99f79-7d71-443d-937a-6119e8a3989e,1,email,customer224@example.com,1,2025-12-09T03:18:14.427Z
f83da499-b02b-488d-b77f-45211e283347,5e9276c1-98d1-403d-99d0-167cd760ce81,1,email,customer225@example.com,1,2025-12-09T03:18:14.427Z
83eebef8-f80f-493a-963e-d927f5f3dd1f,ea45d216-92c0-4b4b-9abe-a8649b4b8bae,1,email,customer226@example.com,1,2025-12-09T03:18:14.427Z
64c97d71-00bc-4874-acb7-7ac0df9e4fa0,b36a83c6-2067-481d-8987-7588e7df52e1,1,email,customer227@example.com,1,2025-12-09T03:18:14.427Z
51ad8ba6-1468-46d0-842f-68c906851464,c9e1592f-92bd-420d-8c8a-5674ee77b286,1,email,customer228@example.com,1,2025-12-09T03:18:14.427Z
aec28f0a-4b49-4621-a202-7b1f341c476f,0325cb4e-e02c-4932-a8bb-8354b23f3c99,1,email,customer229@example.com,1,2025-12-09T03:18:14.427Z
4d1667df-1353-4f1c-b5f0-99265b20d5c1,d94426d0-80da-4ee2-a8fd-cc3c6f9111bc,1,email,customer230@example.com,1,2025-12-09T03:18:14.427Z
f7261a30-3016-451e-a159-013fd3c88743,b8e2eb1a-b4f6-4345-838e-df042b99c899,1,email,customer231@example.com,1,2025-12-09T03:18:14.427Z
e96aeb64-797e-4bfc-bd87-f1bc84deb880,14ef973d-6c53-420d-bd2e-4f2f562b99d8,1,email,customer232@example.com,1,2025-12-09T03:18:14.427Z
5a2784f5-5354-4cf8-8290-bcdd24b6a64d,babe329c-6f55-4a65-9f90-3d21ae18ed1d,1,email,customer233@example.com,1,2025-12-09T03:18:14.427Z
cf135404-d8aa-4280-9619-5b876d146eca,ed11f560-ef3b-4aa5-b85c-7f49499bb9db,1,email,customer234@example.com,1,2025-12-09T03:18:14.427Z
c77ef571-af35-411d-b284-50367e5be6eb,35209e2e-6092-426c-8b84-3db92bea764f,1,email,customer235@example.com,1,2025-12-09T03:18:14.427Z
32782c57-e5a4-46f6-89a0-2b9e1146d397,6fb42103-cc92-4823-9c2e-ca5c1cc67b34,1,email,customer236@example.com,1,2025-12-09T03:18:14.427Z
b3eb5fe2-1bd6-4251-aec4-1c35f6397d37,6d0097e6-c798-4d68-8062-d7a85a6ff616,1,email,customer237@example.com,1,2025-12-09T03:18:14.427Z
eefe528d-aad6-4de0-afa2-0ffcf79c0150,4905fd1f-e868-4570-ae27-61b78a992f67,1,email,customer238@example.com,1,2025-12-09T03:18:14.427Z
da6b9f0b-9de1-47f8-8552-b2c7d6481957,3cbfa432-d7f8-4cf8-b605-9b9e495b0fa3,1,email,customer239@example.com,1,2025-12-09T03:18:14.427Z
011db433-a3c5-4463-b0e7-5655b77b2496,e44c4edd-59bc-4be7-9acd-2e1c60aa6755,1,email,customer240@example.com,1,2025-12-09T03:18:14.427Z
6253f527-b5cf-4539-8adb-b4675fd4671a,a6f48819-e6c8-450c-bf5e-84bd2714ae4e,1,email,customer241@example.com,1,2025-12-09T03:18:14.427Z
be2814e8-8892-4772-bad4-9253e7b7a7a4,9c0d22cd-d5bc-48fd-8d78-c3485ad02252,1,email,customer242@example.com,1,2025-12-09T03:18:14.427Z
52b3fc47-d1da-4397-b0e6-7ab516f3b156,44c9b2e0-7abe-418f-aead-2b2ee48c7b6c,1,email,customer243@example.com,1,2025-12-09T03:18:14.427Z
acc84e22-7b7b-4fef-a80d-87bbb49a1f8f,7ecd910b-14e3-4229-b5a4-c653af93c942,1,email,customer244@example.com,1,2025-12-09T03:18:14.427Z
8df06cf7-81cf-49f6-8a5d-73f60cd01b7f,189954b4-9b0d-47cf-8ea9-6b22dca5c86f,1,email,customer245@example.com,1,2025-12-09T03:18:14.427Z
2ada58a2-0506-4eec-a995-3fbbde28f8ac,3be78fab-a62f-407d-a134-ca0adaa10a3d,1,email,customer246@example.com,1,2025-12-09T03:18:14.427Z
90b9d578-4939-4720-86ea-7b9244a9a281,d812c23c-4341-41e6-a1d4-8646229805a7,1,email,customer247@example.com,1,2025-12-09T03:18:14.427Z
ace70805-2fd9-46f8-a1e2-31a2569fc008,738485eb-358a-46f4-922a-5a5188219982,1,email,customer248@example.com,1,2025-12-09T03:18:14.427Z
8ff5412e-a5fa-4709-a57d-0899b3103513,ea73b415-f2fc-4106-9940-91b6515a244b,1,email,customer249@example.com,1,2025-12-09T03:18:14.427Z
17dd24db-b804-4e4e-8e86-ffbadc66cadf,69cebde7-2d7a-4763-965e-25749ead4b0a,1,email,customer250@example.com,1,2025-12-09T03:18:14.427Z
8e0fc5bc-4900-4621-90fe-0454cfa08565,1b5128bb-a0b3-40f9-bda7-3292cc6eb523,1,email,customer251@example.com,1,2025-12-09T03:18:14.427Z
13213836-61d8-4ef5-ae1c-7cc3ff9438a7,90546983-6cc6-43b2-a9c2-8800c9dd9d78,1,email,customer252@example.com,1,2025-12-09T03:18:14.427Z
3f24e57a-bc99-4860-94ff-26e38b4c48bd,205ba6d7-2027-4ee9-a6f5-338718dbbefc,1,email,customer253@example.com,1,2025-12-09T03:18:14.427Z
42b6009e-64b9-4608-bd8e-49c02262c3fc,f0edca7d-9822-4786-8854-3b84f5e17b8f,1,email,customer254@example.com,1,2025-12-09T03:18:14.427Z
8037b5bf-b67d-4ec0-9af4-486fd5e02781,dd99559a-ab20-498b-9f9a-6e5c4a6b7f09,1,email,customer255@example.com,1,2025-12-09T03:18:14.427Z
f8a7403c-9389-4df2-ba80-2dda5efc5285,0ae2e11e-4257-4778-bd31-1e591e97eeeb,1,email,customer256@example.com,1,2025-12-09T03:18:14.427Z
69b67189-10da-4c75-8aac-64ffb8bbf04b,6e55043d-9acf-40de-99d8-99c1bfab9d96,1,email,customer257@example.com,1,2025-12-09T03:18:14.427Z
afe5ca5c-1092-4650-82ef-3c945e4bf3d3,7a4cfd61-7dc9-443d-b904-aa1da5d71689,1,email,customer258@example.com,1,2025-12-09T03:18:14.427Z
713cc2a6-0aca-4e70-8f26-d33c2e717e7a,a7eaf371-e3f8-4780-9a26-1cf7b81c2713,1,email,customer259@example.com,1,2025-12-09T03:18:14.428Z
e0633010-5bd2-48cc-b202-94834f8682af,0d74f841-67e2-4de5-98c9-e8e227770475,1,email,customer260@example.com,1,2025-12-09T03:18:14.428Z
4b476437-f8a6-4188-b4c4-64621858d506,6ca25a65-2c83-4895-9d3a-3bdd14501de6,1,email,customer261@example.com,1,2025-12-09T03:18:14.428Z
14280c1f-cb16-4573-8c44-f2d321b80213,636375f5-aabf-495c-a3a3-e006ab7199c4,1,email,customer262@example.com,1,2025-12-09T03:18:14.428Z
d45bda44-5907-4361-b809-bf67ca741980,62d33f8a-1e6c-432c-91d5-8f90452f58ee,1,email,customer263@example.com,1,2025-12-09T03:18:14.428Z
81031007-48dd-474b-9571-9e2946a94fa6,8dc59202-7dd8-4c4d-a776-76481d9b02ab,1,email,customer264@example.com,1,2025-12-09T03:18:14.428Z
98c479c7-8623-4460-b154-1f1e12668e49,e302d272-d7d4-45bb-97aa-0fce148daa30,1,email,customer265@example.com,1,2025-12-09T03:18:14.428Z
ae2cac01-94a4-4705-8a1f-d698459b52bf,119841da-2a91-478a-95ed-2dd287a341e2,1,email,customer266@example.com,1,2025-12-09T03:18:14.428Z
fa4874ce-fd2f-487b-ba49-556cc7f2fb4d,9761cc55-e0dd-4d93-95c0-fdabfc94aba4,1,email,customer267@example.com,1,2025-12-09T03:18:14.428Z
02364f7b-d254-43d4-ab4d-a082de6d3257,97b96c11-43e9-4265-8d12-6e1886caab90,1,email,customer268@example.com,1,2025-12-09T03:18:14.428Z
a0ddf70a-c1c1-491b-855d-10907b3dd223,8b6bef79-6bb2-4446-8911-f280d6b954fd,1,email,customer269@example.com,1,2025-12-09T03:18:14.428Z
f3185d83-92f4-41a2-88eb-ee9dfe82c98b,84987b27-9d0e-4365-8df7-b4a04b66fa3c,1,email,customer270@example.com,1,2025-12-09T03:18:14.428Z
be40303a-62ba-490b-86ed-9b0f1cb36880,632aaf73-302b-49d5-97d1-e7d7e2291cb7,1,email,customer271@example.com,1,2025-12-09T03:18:14.428Z
571a8efe-0139-4103-b25e-de6847f15fee,0826c417-1296-4305-a120-0a039ec9896e,1,email,customer272@example.com,1,2025-12-09T03:18:14.428Z
f41a167f-c638-44ac-b688-e6eddd4b1eab,7691a36b-b08e-4e00-9894-a02da255f13c,1,email,customer273@example.com,1,2025-12-09T03:18:14.428Z
f49caca6-a82c-4bc4-b1f6-c150f558cd88,076cfe1d-82c0-41ba-8d82-87e2e12233a0,1,email,customer274@example.com,1,2025-12-09T03:18:14.428Z
7b3d4822-c099-480f-8c47-30053075288a,68ceaa11-0c65-47e9-ad08-fc372f86acea,1,email,customer275@example.com,1,2025-12-09T03:18:14.428Z
25167c40-7545-4a7a-b357-2e3a89811b1b,b6611796-2b15-4fb0-ba4e-f5419fc50e03,1,email,customer276@example.com,1,2025-12-09T03:18:14.428Z
b55fb2be-3320-4c73-95c5-e563328ef256,20d2a6bc-6a18-4076-a7b1-a6b302513e0b,1,email,customer277@example.com,1,2025-12-09T03:18:14.428Z
b176b1c9-5b57-45fd-bfa7-6655153616d1,63b9502d-a984-406a-bd16-5bf71a0c85fd,1,email,customer278@example.com,1,2025-12-09T03:18:14.428Z
e45b7597-4132-4b24-bc53-3bc68b332a1e,9dd3c102-25ef-4be6-a7a7-d14daf5bee77,1,email,customer279@example.com,1,2025-12-09T03:18:14.428Z
b7d91864-ef7c-47c5-8143-512446616d5e,71e960cc-7f1d-479e-84f4-73940f8758de,1,email,customer280@example.com,1,2025-12-09T03:18:14.428Z
8c753434-3a53-48d0-b364-6e6c9dcf0178,3d5f0125-1528-479b-901a-e0b5634a8a49,1,email,customer281@example.com,1,2025-12-09T03:18:14.428Z
c313fc54-61f4-4dec-ad84-5eb98b9e8442,ab18a76d-dad7-4855-813c-5a64f791411b,1,email,customer282@example.com,1,2025-12-09T03:18:14.428Z
765642c0-447d-4196-ac96-a966c9b2520c,4e07096d-92e9-4104-961f-365591b0ee14,1,email,customer283@example.com,1,2025-12-09T03:18:14.428Z
8a04ca91-fdcd-4082-ae64-c0dfd293c16d,25a118ba-00e7-4847-88f4-1f0fdec31664,1,email,customer284@example.com,1,2025-12-09T03:18:14.429Z
5a71b6e8-890b-4f9d-adfb-265d59a67beb,56e58305-6709-48ee-ae04-a08ab3e83a0c,1,email,customer285@example.com,1,2025-12-09T03:18:14.429Z
118c61eb-3458-40c3-9cea-e68093dab749,d545b413-e02d-4f18-859e-5298d99bf3e3,1,email,customer286@example.com,1,2025-12-09T03:18:14.429Z
65892620-83ee-4151-bbcc-91a9da01a90e,3210663e-a9e1-4cfd-9444-320783eb229b,1,email,customer287@example.com,1,2025-12-09T03:18:14.429Z
3c497226-cff9-4f9f-99a1-bd6b92ae6e47,f87011fe-790d-4c60-b632-f2de569c1dfb,1,email,customer288@example.com,1,2025-12-09T03:18:14.429Z
19ea0647-aaab-4f12-93a3-a4433fc70171,bf296601-399f-42d2-88c6-a5f261216403,1,email,customer289@example.com,1,2025-12-09T03:18:14.429Z
d50037fa-3926-420f-9fc9-44b9d88be5ec,cb68e1cb-1d43-4995-a10f-4cf528ad705c,1,email,customer290@example.com,1,2025-12-09T03:18:14.429Z
be7e5111-9906-4a41-aadc-4f6cabfad172,6d9ff4ad-64c3-4054-a661-6f7ca0d274a5,1,email,customer291@example.com,1,2025-12-09T03:18:14.429Z
4d758cf5-df73-423f-bdbf-14f0b19f6a85,120c62e0-c584-4cc5-9883-ba820ed40825,1,email,customer292@example.com,1,2025-12-09T03:18:14.429Z
96e9f262-43b1-4b7c-b144-71aadfdb35f1,3e6de94d-d481-4f64-a24f-2da9fcedcd9c,1,email,customer293@example.com,1,2025-12-09T03:18:14.429Z
c6380c8b-b279-495e-8efd-0094050c6cc9,fbbb1cc4-448a-4af8-966e-2c189b5083cd,1,email,customer294@example.com,1,2025-12-09T03:18:14.429Z
d05d0a4a-2500-4968-8d13-b8518528fa16,02012c4a-8eb7-40b1-9c4d-e283e513a07c,1,email,customer295@example.com,1,2025-12-09T03:18:14.429Z
2c386700-5d7e-4d21-b19c-84a70e1f9952,ee40052d-9564-4dec-9636-99d024070e8b,1,email,customer296@example.com,1,2025-12-09T03:18:14.429Z
db8d80e5-a40c-43e3-8140-b92ee1512cc7,4a5e6fab-cf5b-4cd2-9ea2-00dddbb960a0,1,email,customer297@example.com,1,2025-12-09T03:18:14.429Z
26e453e2-5bdb-406e-a71d-1cf9785cbd84,850ca651-7f49-48ee-83ee-ffc9e72bf45c,1,email,customer298@example.com,1,2025-12-09T03:18:14.429Z
ce29e1e7-1e6e-4688-bddf-c9cab67eccfc,ce5adbd2-c10e-430d-8a2b-343f35dbc63c,1,email,customer299@example.com,1,2025-12-09T03:18:14.429Z
da02cbd0-e982-4a56-bddc-e59dfa33abc3,d37730fc-0080-4497-b59d-5e5500b0e5c4,1,email,customer300@example.com,1,2025-12-09T03:18:14.429Z
b02c4563-134c-4351-8160-ff6c9007fea4,1a4b42eb-24d5-4dfc-bbc0-419504a0579c,1,email,customer301@example.com,1,2025-12-09T03:18:14.429Z
c1d740c2-5b5d-494a-a0dd-eccee24b689b,775316b3-c7fe-4d1e-9b9c-765daa7d0110,1,email,customer302@example.com,1,2025-12-09T03:18:14.429Z
1eb1471d-fb8d-408b-a87c-d68e7aed923c,565d9471-d350-42da-8f38-4d1d4a8b927b,1,email,customer303@example.com,1,2025-12-09T03:18:14.429Z
a4ee30ae-3088-42c7-a246-48935f0aac14,a765c7c5-c67a-4b5f-8c39-b94a52e54ce8,1,email,customer304@example.com,1,2025-12-09T03:18:14.429Z
a48b6afb-7996-4915-897e-135dc533e080,47d98c70-7413-4487-854a-2dda839b3283,1,email,customer305@example.com,1,2025-12-09T03:18:14.429Z
14987bba-4aae-41c2-9893-93aa53e07f67,b0daf9c9-947e-4994-a0bc-d2e1459f354b,1,email,customer306@example.com,1,2025-12-09T03:18:14.429Z
0a3b9704-866d-4374-988f-8d822ce54fc8,ff265844-2ff8-4097-9f2e-b3385a179def,1,email,customer307@example.com,1,2025-12-09T03:18:14.429Z
583b8c00-31e4-46c5-9ccb-7d6f914d0af9,ee397baf-5a0f-40e3-b6aa-b9ac88af1ff9,1,email,customer308@example.com,1,2025-12-09T03:18:14.429Z
4133f6b3-60e0-4ba4-a956-caf86be5383b,7c98ec33-ff8b-4ab3-9060-45b5e45993b2,1,email,customer309@example.com,1,2025-12-09T03:18:14.429Z
e67769ed-1b1d-4ce5-8ca6-614c1b4a5446,4dcbd936-6c71-4a1e-b7ea-82505053f7c7,1,email,customer310@example.com,1,2025-12-09T03:18:14.429Z
40466a54-2164-4280-810f-159970bf81c7,30b08454-8b49-4284-862f-0dfd106ff7b3,1,email,customer311@example.com,1,2025-12-09T03:18:14.429Z
d27f5dc8-4439-4895-9544-bc81486e08ac,ff2a114f-e99d-4deb-aa4b-d6334721bf3a,1,email,customer312@example.com,1,2025-12-09T03:18:14.429Z
b64bfb6b-3acc-40e0-a893-ecb6b43291e1,14f60d4a-50a5-4951-aed0-d0b9d6136bd2,1,email,customer313@example.com,1,2025-12-09T03:18:14.429Z
378393e0-800c-4763-9bb2-66f73a9e4e73,ecc414cb-0ffd-4d82-ae5a-c211d2072387,1,email,customer314@example.com,1,2025-12-09T03:18:14.429Z
5d8c8977-0246-4aff-b024-dc67e06d39e7,ada74be7-f3b7-4732-b099-41d9631fce38,1,email,customer315@example.com,1,2025-12-09T03:18:14.429Z
fc1b473c-f80d-4c53-ae50-7bf50a1ab073,d0a8ca46-8ce4-4d9e-91c8-50a6ee24c842,1,email,customer316@example.com,1,2025-12-09T03:18:14.429Z
3a318499-d6c5-43c0-8a35-824a95e8fd6c,78ac23dc-742c-456e-bea6-16df4e2e6d82,1,email,customer317@example.com,1,2025-12-09T03:18:14.429Z
7f31a321-8312-4369-b115-92055b89e40f,3014b314-2402-485d-af9d-24c2440ba363,1,email,customer318@example.com,1,2025-12-09T03:18:14.429Z
81faa8b6-87eb-4938-bd2c-10000c11091b,18eae1ba-2167-4bb9-841c-4f2c3fac5adf,1,email,customer319@example.com,1,2025-12-09T03:18:14.429Z
eb7b050b-1e02-4753-aef1-518b33183403,619299c0-6570-4443-8342-7b608e817a22,1,email,customer320@example.com,1,2025-12-09T03:18:14.429Z
5f5b4a4a-b386-44d8-b016-eca1cbcb1949,ed860d31-3dd2-4c04-8baf-488719afd0eb,1,email,customer321@example.com,1,2025-12-09T03:18:14.429Z
d95e8cdb-f52c-4fe7-8531-843ebac124ff,7e83ec4e-a4cb-4c88-bdd4-5f94acfed642,1,email,customer322@example.com,1,2025-12-09T03:18:14.430Z
f607d7f5-9707-4fe2-8902-ed0a38937954,4d121748-40cc-4ef0-bcbb-6a78d8cb277f,1,email,customer323@example.com,1,2025-12-09T03:18:14.430Z
1755871b-ea87-4146-a932-42470195c5c1,24f09874-ae96-4bcb-b9d4-437934e2d1a6,1,email,customer324@example.com,1,2025-12-09T03:18:14.430Z
0d6f280c-233f-47be-9d4c-5e1c2f08d675,286d48d2-d1e8-4bda-9203-aba4fdbb6fd0,1,email,customer325@example.com,1,2025-12-09T03:18:14.430Z
0b2c75e7-22ac-4bd1-a8f4-ab44f2b0abdf,73928146-62d1-4836-a837-2c9d16f0f58f,1,email,customer326@example.com,1,2025-12-09T03:18:14.430Z
63558429-e551-4533-a5df-175920d310d1,34abd933-a92b-4410-b047-76eb9d9b52d2,1,email,customer327@example.com,1,2025-12-09T03:18:14.430Z
5818c509-4815-4deb-85d6-080fcb05c9cb,c999b62c-8e44-45e7-89d5-7261779c8413,1,email,customer328@example.com,1,2025-12-09T03:18:14.430Z
e6e5daf8-f3e3-420e-8aa4-52357ed3cf1e,455751d5-9469-4ca2-88c6-e49aab0ea9b7,1,email,customer329@example.com,1,2025-12-09T03:18:14.430Z
c0dc8f4b-c2b8-4ce3-a1ac-49b73e311a4d,8f9424cc-3687-412e-9c5f-fb640b450a69,1,email,customer330@example.com,1,2025-12-09T03:18:14.430Z
c34b9a68-1d10-4874-b53b-1c79d03d44b6,3fa9f51d-c838-4fac-bb1d-3e858fc171c3,1,email,customer331@example.com,1,2025-12-09T03:18:14.430Z
275e4dbc-dc98-4b5d-801a-c8ddf93db73b,3bb2f9a2-9caa-45a0-b29c-0c4c8be52145,1,email,customer332@example.com,1,2025-12-09T03:18:14.430Z
8e64f77b-1f23-4c20-a4ac-a95167459471,64dbf11b-088a-4345-bf81-5bcafaad4975,1,email,customer333@example.com,1,2025-12-09T03:18:14.430Z
90638f48-fa41-4bb8-813c-e6f6bf889e61,956d9f0d-9cac-4545-9fd7-34e57842b47e,1,email,customer334@example.com,1,2025-12-09T03:18:14.430Z
085ad8f1-2ca6-44b5-958c-f92af413da5d,03abebf7-4774-403e-a635-5e3dee058dfd,1,email,customer335@example.com,1,2025-12-09T03:18:14.430Z
d39b59dd-20a0-47f2-baae-5b2a6530d0b9,859ad783-61b8-4581-b073-a149075a6ab5,1,email,customer336@example.com,1,2025-12-09T03:18:14.430Z
7abc8dd6-e51d-4cc7-bdec-10f109d95945,f1c0a386-734a-430a-b2d2-3a768ff277d5,1,email,customer337@example.com,1,2025-12-09T03:18:14.430Z
2cefbbb6-ba7f-4dcf-88f9-961ab3d28b5b,43ca345a-72d7-4a50-ab0c-b93643074096,1,email,customer338@example.com,1,2025-12-09T03:18:14.430Z
2bc4255c-c975-4840-a00d-d6775e29201e,54946e8d-1e43-4e57-8a0d-31000a0755f1,1,email,customer339@example.com,1,2025-12-09T03:18:14.430Z
3435b2b9-2d0d-4f02-9d77-f5999d0e5534,b8549e7b-f3ad-4616-96da-03de41f09733,1,email,customer340@example.com,1,2025-12-09T03:18:14.430Z
440f30d7-936f-4e5b-8c28-60d5d3373f92,30eecc0d-4439-4184-bdd3-65cf93800a82,1,email,customer341@example.com,1,2025-12-09T03:18:14.430Z
26196658-f82a-4701-bcbe-1066b578567d,817d818f-b676-4920-b950-bf0763393ffb,1,email,customer342@example.com,1,2025-12-09T03:18:14.430Z
aee1d891-8732-4cbf-ba8f-7da45f464dec,c575ab02-c3af-4f18-9cc9-6516b5401f3e,1,email,customer343@example.com,1,2025-12-09T03:18:14.430Z
b282eb21-71c3-4487-84c1-e939e4eba53d,733eee95-a50a-4594-a9e8-f40c5b29eaab,1,email,customer344@example.com,1,2025-12-09T03:18:14.430Z
d284d1ec-f03f-4ec6-bc6e-839c0c3fba23,2da05dd1-59c0-42b1-b870-c5e128896e4e,1,email,customer345@example.com,1,2025-12-09T03:18:14.430Z
720b6c4b-1267-4d68-9149-3350f81c5da9,ee78d1fd-6671-4b7f-8f25-bb1fa27f9ebc,1,email,customer346@example.com,1,2025-12-09T03:18:14.430Z
9e033787-cd62-4095-a3cc-5a120801a462,efb4a085-e866-4a89-a648-ed4282b06ef6,1,email,customer347@example.com,1,2025-12-09T03:18:14.430Z
67a446da-a038-41c8-9844-fe91e5c152bc,3a1379f1-8130-4063-b60d-0f8dc11cf122,1,email,customer348@example.com,1,2025-12-09T03:18:14.430Z
53a63afb-064b-4795-9a26-158a9527e14e,1980dd0c-fc21-4207-a949-acfd46a88c42,1,email,customer349@example.com,1,2025-12-09T03:18:14.430Z
a569d262-82b7-46eb-a8c5-19327f4295ca,7c7c5020-b98f-48f7-9b9b-d6bfb52c88ad,1,email,customer350@example.com,1,2025-12-09T03:18:14.430Z
890f1f41-f1e1-4d71-9016-aacce256e5ca,40aa9727-7da5-405a-a9f8-cf5b7e8f47f9,1,email,customer351@example.com,1,2025-12-09T03:18:14.430Z
a5a8a239-a9d4-42dd-859e-64e85d4b0de9,cd5b3762-dac0-4035-bc6c-7fa1240509d9,1,email,customer352@example.com,1,2025-12-09T03:18:14.430Z
918bb99a-ed2d-4dfa-9513-6d38cc1aa48c,25502a04-ddc5-4b36-a838-26dd19d96b6e,1,email,customer353@example.com,1,2025-12-09T03:18:14.430Z
2eb25860-11ba-437e-9d23-72f51344523d,3ce3fb5f-89da-44d4-b361-1a7663cfaafd,1,email,customer354@example.com,1,2025-12-09T03:18:14.430Z
b58cd601-85b6-4d65-8e87-1c6c7ed03c4a,c023f7dd-c0cf-4939-9937-b303084bb1cd,1,email,customer355@example.com,1,2025-12-09T03:18:14.430Z
29102189-d907-4a70-ab74-7d60f799fc66,03e26893-e834-4c42-b323-0426238f646a,1,email,customer356@example.com,1,2025-12-09T03:18:14.430Z
b04f77f1-ac03-443a-9ab9-9b265a69cc1d,b32b4054-32a2-45fa-8487-c697ac922c9a,1,email,customer357@example.com,1,2025-12-09T03:18:14.430Z
505142d1-285e-4cfd-b36b-b66eb9db514b,c2568a72-f1a4-4572-bab6-55450c2f95e4,1,email,customer358@example.com,1,2025-12-09T03:18:14.430Z
ad77e4ce-649b-4005-80ff-8cb0069a3cb1,e802ddc4-9e57-4174-b3b2-bd7426372b10,1,email,customer359@example.com,1,2025-12-09T03:18:14.430Z
6a3ab5b2-02a5-4d63-a6cf-b63779523660,da8a502c-f2c4-4810-93ee-b23cb70bdeb1,1,email,customer360@example.com,1,2025-12-09T03:18:14.430Z
15d11954-9a83-4586-8f05-fd5d7e9d2744,63ad3c34-3ef8-4fbf-9e5b-8d3bbec0b8ea,1,email,customer361@example.com,1,2025-12-09T03:18:14.430Z
33058858-7b56-460a-a679-e35dec607c1e,9f2649b3-a768-4832-961e-6f267ba157e7,1,email,customer362@example.com,1,2025-12-09T03:18:14.430Z
f98f88d3-e4e1-42b4-9a54-af58ab2952ea,6dc8e1d5-2be8-43c1-9a44-c63744c2871e,1,email,customer363@example.com,1,2025-12-09T03:18:14.430Z
737ce647-f9b6-40d1-8914-bc2f7f8fc7a0,4ee59dd0-4722-4534-b846-4fca7124616d,1,email,customer364@example.com,1,2025-12-09T03:18:14.430Z
864b2360-7217-4c23-9951-9b9b2c4b8f7b,a29abca8-f275-406b-9efb-187dcc9c68b3,1,email,customer365@example.com,1,2025-12-09T03:18:14.430Z
37cb22c2-f325-4342-95df-21c5a2f9be89,fb4ca32c-8ec6-4d3b-bfbe-14dd1dd219cc,1,email,customer366@example.com,1,2025-12-09T03:18:14.430Z
8f848f92-ee42-46ca-ad3d-fb4b73c46670,8a67b219-0637-407d-b822-fc649ae8afbd,1,email,customer367@example.com,1,2025-12-09T03:18:14.430Z
5de03749-5487-4191-bccf-61d2af31e94b,58a413a3-7cb2-4ebf-9719-e1cb0b8f1f7e,1,email,customer368@example.com,1,2025-12-09T03:18:14.430Z
0c15d4e3-1ec0-4b02-84e4-9695f4f492cc,bbaa7a6d-f6ed-496e-8ab2-8d53a7195c27,1,email,customer369@example.com,1,2025-12-09T03:18:14.430Z
3d6afab8-cd5d-495b-ad8b-67138d2c8c3a,fc782251-f74a-46ab-88b4-9e60b4ade639,1,email,customer370@example.com,1,2025-12-09T03:18:14.430Z
1cd3dfd2-abe1-4be8-a77f-2194f0e00903,a1518073-fcfb-4686-a5ff-5d43ad0b84b5,1,email,customer371@example.com,1,2025-12-09T03:18:14.430Z
b6fb369e-d11d-4c3d-81e8-c50ff7b3d9ed,4bf3f0cc-52ba-485f-8265-896e2570add1,1,email,customer372@example.com,1,2025-12-09T03:18:14.430Z
b3037a9a-631b-4e8e-822e-a18a1b4566d3,e15aba8d-b7ea-4d3f-b047-b4740770fca3,1,email,customer373@example.com,1,2025-12-09T03:18:14.430Z
40655a9a-7704-4377-b17b-c202c6fb09df,69e88a0d-7915-4186-a752-115c6c44480a,1,email,customer374@example.com,1,2025-12-09T03:18:14.430Z
8738030a-d7c7-4d52-9185-329a1296a228,faee5293-bb0a-40d8-b040-71f062c85f92,1,email,customer375@example.com,1,2025-12-09T03:18:14.430Z
01a7ee7c-2eb4-46da-8356-aff02b4b0115,20df3e3b-f030-4539-864c-d4ae672247eb,1,email,customer376@example.com,1,2025-12-09T03:18:14.431Z
1a6d5a9e-c6b9-4294-a1ab-872a2f2b3de2,13594804-d4b9-48f9-b765-00653d2f019c,1,email,customer377@example.com,1,2025-12-09T03:18:14.431Z
fbf77e56-15e0-4df3-b264-88488190b2b4,41ad4ed4-9aa3-4de0-8849-f9ef57093427,1,email,customer378@example.com,1,2025-12-09T03:18:14.431Z
9efb1958-f663-46b4-9be7-8e00f5f5320c,347935d8-a75c-4235-812f-78403e062ea1,1,email,customer379@example.com,1,2025-12-09T03:18:14.431Z
927ed1b1-488f-407e-bf49-56cc33ef81c6,2771b794-13ad-485e-9208-1417e5d96967,1,email,customer380@example.com,1,2025-12-09T03:18:14.431Z
ce52632e-6bd7-4e46-a948-c94405f6eafa,a2e2ede3-e8c6-4303-afd4-542a24e92966,1,email,customer381@example.com,1,2025-12-09T03:18:14.431Z
50582ffb-e3af-4f65-a118-25a47a7586de,5c06064b-305f-41a5-b383-d9cddec9c641,1,email,customer382@example.com,1,2025-12-09T03:18:14.431Z
97bdd4ff-73f5-436c-a4b3-41bfef2cac2f,025fb73e-75ea-4207-ab23-a776f5963cf0,1,email,customer383@example.com,1,2025-12-09T03:18:14.431Z
d6e23e47-0808-47df-bc60-15233735bfc0,a64b3280-02d4-4f0c-b303-09026ad6d758,1,email,customer384@example.com,1,2025-12-09T03:18:14.431Z
2bd21108-9370-430b-8f1e-3a86b81c699b,c079651a-a2af-4fb7-9255-2083206be6e0,1,email,customer385@example.com,1,2025-12-09T03:18:14.431Z
73afe37c-271c-46da-a6ba-97d369ecb83e,ea2df94e-7026-4519-b1f2-b95813dae126,1,email,customer386@example.com,1,2025-12-09T03:18:14.431Z
49242363-8b0c-4167-9f18-cdaeb805fd14,6300936d-9c0c-41bd-b15d-fe12f09dee8f,1,email,customer387@example.com,1,2025-12-09T03:18:14.431Z
e2f89000-2c22-4cb8-a6db-356b967dbc6a,7a4e75db-d323-4305-b055-52f1b9d4308e,1,email,customer388@example.com,1,2025-12-09T03:18:14.431Z
8415e942-e762-4c0d-8b5f-4cf0885442a6,df4f3235-ed2f-4ee0-b1e0-f17480b19bc4,1,email,customer389@example.com,1,2025-12-09T03:18:14.431Z
ecb4f50f-71fd-4f5f-8034-7693870a3185,39cdfa2c-1139-4bcd-a3b2-681c9a34d0f0,1,email,customer390@example.com,1,2025-12-09T03:18:14.431Z
ffc09079-8aad-49e5-80c0-ebafe7b06058,df865115-9b7a-4413-bce4-7d3ba496be5b,1,email,customer391@example.com,1,2025-12-09T03:18:14.431Z
d1895969-223d-4b58-83e6-a912f55f2411,6c6218ed-5e2f-4d2a-9eab-8e8aaa74f0fc,1,email,customer392@example.com,1,2025-12-09T03:18:14.431Z
5530dfe8-5ca4-4235-888e-186c8772a4d1,412d4f51-f2a0-4521-90bc-6a09dd3e1cb2,1,email,customer393@example.com,1,2025-12-09T03:18:14.431Z
ef6c7394-d692-40a1-ae53-8a60e0a8c549,2ec9ce45-9a41-48b7-acab-a94f65a977fe,1,email,customer394@example.com,1,2025-12-09T03:18:14.431Z
d596fca0-0310-41ad-8f4a-6e716f55bf42,3a67ee8b-1793-4eb9-83c5-9b7e6b552335,1,email,customer395@example.com,1,2025-12-09T03:18:14.431Z
dfbbe586-5cc7-476a-af37-38e65608bb3d,521b617f-37d0-4a34-b5fa-e1b2c8faafdc,1,email,customer396@example.com,1,2025-12-09T03:18:14.431Z
e3785855-bc3a-4376-8d4e-d32e6d54ce16,2590d439-55df-4c5a-acea-e67b6c0aa92d,1,email,customer397@example.com,1,2025-12-09T03:18:14.431Z
fbb64c96-535b-4465-aad5-2605bad9594e,df65360d-0c28-43b7-8026-b91ac9fd217b,1,email,customer398@example.com,1,2025-12-09T03:18:14.431Z
d286492a-cf9e-4a8e-91ca-7260d9a22f50,b95990f3-3bfb-4041-8a2f-a7c88fc55c50,1,email,customer399@example.com,1,2025-12-09T03:18:14.431Z
0fbb80f5-ebd2-4524-af0e-c240bc11c7c4,df53a910-0cdd-4dd7-bbd7-73f8ec6ac5a3,1,email,customer400@example.com,1,2025-12-09T03:18:14.431Z
cbf8e355-9763-4d01-a0dd-6e35df4436d6,a3260e4a-0d5e-4b84-8a31-009f7c6878c3,1,email,customer401@example.com,1,2025-12-09T03:18:14.431Z
073ac80a-ba48-4c02-8a49-b6ee3fd5def8,586a7f95-e906-4229-a212-6736120aeeea,1,email,customer402@example.com,1,2025-12-09T03:18:14.431Z
ce039df5-9835-4c9d-8584-7c306b2c607d,7988de05-b93b-4e6e-b02f-6b3123bbf1aa,1,email,customer403@example.com,1,2025-12-09T03:18:14.431Z
0262305d-8bbb-4228-b970-58546631b9f3,701616b2-7f6e-44f5-88e9-94dd5f811a58,1,email,customer404@example.com,1,2025-12-09T03:18:14.431Z
544a776c-6bb2-4f8f-a165-02df168406b2,6c689a53-d285-4d35-9f77-45511829305f,1,email,customer405@example.com,1,2025-12-09T03:18:14.431Z
88f547a6-1b5c-41b8-aa7b-41a24400465d,4037e1a4-4dc7-40ad-86f9-9115106f47d5,1,email,customer406@example.com,1,2025-12-09T03:18:14.431Z
8bc09afc-f45c-462f-b205-9e551e95908f,814db384-d264-4ee0-8c1e-dbcb8d716d7b,1,email,customer407@example.com,1,2025-12-09T03:18:14.431Z
fa2e0f6e-8a60-4546-9ffa-0ea4c65d6ea0,7e087035-0091-4077-a1fd-330864cc8a3d,1,email,customer408@example.com,1,2025-12-09T03:18:14.431Z
5f13b388-dee4-4ddd-a4e3-d7013dfde62e,4017f710-f004-4d20-bd4f-6cc4114fe456,1,email,customer409@example.com,1,2025-12-09T03:18:14.431Z
4c70c8d2-767a-4010-9981-257a49d07a6f,8c077696-1bfa-401c-bbba-2b7572f9b370,1,email,customer410@example.com,1,2025-12-09T03:18:14.431Z
a388aea6-87e4-47a8-97c3-b754679e0c7a,c19eea66-d79d-4452-8f17-c229b9e49301,1,email,customer411@example.com,1,2025-12-09T03:18:14.431Z
d52963e7-444c-44e3-98fc-244117110ead,010b95d6-f8cd-4f6e-be48-72c1252c0257,1,email,customer412@example.com,1,2025-12-09T03:18:14.431Z
73b7e444-b7a6-47d7-ba8f-c40e7d714fb8,e3ef707a-1aaa-42ec-ab70-f32e67412c60,1,email,customer413@example.com,1,2025-12-09T03:18:14.431Z
3815fee2-0976-4122-8298-42e15103786f,439ac7ca-8b5b-48ed-9d09-0ed84cfb71d1,1,email,customer414@example.com,1,2025-12-09T03:18:14.431Z
5bacc03a-fb44-4f04-8a1a-3253702eeb79,f707c515-8806-4a7c-a078-2b1944b76df4,1,email,customer415@example.com,1,2025-12-09T03:18:14.431Z
db0db354-9f4e-4af1-8351-8af243d45508,04917744-58cd-4a6d-a83e-a5b9835e5f77,1,email,customer416@example.com,1,2025-12-09T03:18:14.431Z
3a2be0b5-980f-451f-9c23-3a92c7cffec8,9694aaf1-2e40-4188-a22c-098b3b068f60,1,email,customer417@example.com,1,2025-12-09T03:18:14.431Z
58ed48fc-2498-4de1-b276-aaa17e10f4b4,8ded5c6d-e5c3-40b7-b165-2fa3d9022d6e,1,email,customer418@example.com,1,2025-12-09T03:18:14.431Z
5663b64f-8f73-4302-aacb-c8bb7ba319a1,164112f2-7fe0-4f46-a686-935def107b40,1,email,customer419@example.com,1,2025-12-09T03:18:14.431Z
eb8a471e-11a5-4db0-8973-a329ff027507,0c09852b-41c2-4a3b-9a89-031dd79f8b1d,1,email,customer420@example.com,1,2025-12-09T03:18:14.431Z
adea20cc-79ee-4b15-ab56-99c9aef47147,9818e24c-84f5-434f-97c9-a5a919bab4f3,1,email,customer421@example.com,1,2025-12-09T03:18:14.431Z
b2d8624c-6331-4f09-8e28-4550065b4962,693599f7-b2c7-4908-8c89-18d1f786639e,1,email,customer422@example.com,1,2025-12-09T03:18:14.431Z
e0c264f4-ecff-41a4-823a-9272d0aa3299,8aa5408c-4952-409a-b9c3-2cdb06bfb87c,1,email,customer423@example.com,1,2025-12-09T03:18:14.431Z
1a46e84c-25d3-48ad-9cfd-dac0544e52bb,fe9ed9eb-b8d9-41f9-a3db-bc3b6bf14b37,1,email,customer424@example.com,1,2025-12-09T03:18:14.431Z
082b9dc6-20f0-43ea-92e8-88f8e7ebbc97,8dec8e2b-caa4-45b5-ba6e-a26e55ba9ef5,1,email,customer425@example.com,1,2025-12-09T03:18:14.431Z
a6d14c2d-ed9e-4066-b957-30cc1705b198,cb640aba-77f6-4e99-880b-c95ec2c45ab9,1,email,customer426@example.com,1,2025-12-09T03:18:14.431Z
7a6bccb4-6789-4673-b3f5-140bcae909f7,c2c2fa0e-067b-40b5-b2cc-255ceb0c7128,1,email,customer427@example.com,1,2025-12-09T03:18:14.431Z
