tenant_id,score,created_at
1,10,2025-07-31T12:53:12.999Z
1,8,2025-06-05T02:01:31.153Z
1,8,2025-02-22T21:57:29.879Z
1,9,2025-09-23T22:44:53.738Z
1,9,2025-06-21T05:21:39.110Z
1,9,2025-09-07T17:59:03.526Z
1,10,2025-05-29T02:46:49.817Z
1,10,2025-11-02T14:05:39.973Z
1,9,2025-09-09T12:25:02.023Z
1,9,2025-02-19T21:51:31.469Z
1,8,2025-02-06T17:11:49.104Z
1,8,2025-06-04T03:33:13.701Z
1,9,2025-07-08T14:01:14.841Z
1,8,2025-02-15T16:46:59.648Z
1,8,2025-01-24T02:11:15.393Z
1,8,2025-04-20T04:04:57.839Z
1,9,2025-04-16T14:34:53.286Z
1,10,2025-08-29T19:29:55.207Z
1,8,2025-04-22T00:31:11.639Z
1,8,2025-07-06T01:38:01.460Z
1,9,2025-08-27T08:42:39.967Z
1,10,2025-08-01T08:12:19.126Z
1,10,2025-02-12T10:01:24.987Z
1,9,2025-01-04T11:47:38.664Z
1,8,2025-03-07T06:46:05.379Z
1,10,2025-01-16T19:01:16.419Z
1,9,2025-02-01T09:34:42.870Z
1,8,2025-04-09T08:17:48.473Z
1,10,2025-08-10T00:34:45.628Z
1,8,2025-08-21T18:42:47.388Z
1,9,2025-04-10T15:37:08.667Z
1,8,2025-08-11T01:46:49.065Z
1,10,2025-08-29T09:23:07.211Z
1,10,2025-08-23T14:34:53.869Z
1,9,2025-02-01T02:39:48.213Z
1,9,2025-02-11T18:42:10.336Z
1,10,2025-11-01T17:05:49.845Z
1,9,2025-09-27T05:23:51.541Z
1,8,2025-01-04T01:56:53.182Z
1,9,2025-10-16T20:40:01.266Z
1,8,2025-11-05T08:26:35.466Z
1,10,2025-06-19T01:42:17.980Z
1,10,2025-09-03T15:04:30.821Z
1,8,2025-04-22T06:45:21.019Z
1,9,2025-05-22T06:37:39.698Z
1,9,2025-02-23T05:17:24.880Z
1,10,2025-08-29T01:47:09.787Z
1,10,2025-02-09T15:19:26.433Z
1,10,2025-02-17T07:19:45.399Z
1,8,2025-08-15T20:08:46.355Z
1,10,2025-05-11T20:15:53.695Z
1,8,2025-03-25T11:32:49.249Z
1,9,2025-05-04T06:03:05.146Z
1,9,2025-03-25T11:36:34.350Z
1,9,2025-04-20T10:59:33.523Z
1,9,2025-02-02T02:03:53.695Z
1,10,2025-11-23T16:36:25.727Z
1,8,2025-07-29T02:01:52.661Z
1,10,2025-05-29T15:39:43.292Z
1,9,2025-01-19T01:37:12.256Z
1,9,2025-08-09T05:24:07.144Z
1,10,2025-08-24T22:31:12.966Z
1,10,2025-11-30T06:20:33.346Z
1,10,2025-10-03T21:55:57.806Z
1,10,2025-04-29T11:10:07.007Z
1,10,2025-06-19T20:25:59.815Z
1,9,2025-01-29T16:29:55.588Z
1,9,2025-07-26T04:49:25.690Z
1,8,2025-08-22T08:26:58.473Z
1,9,2025-09-22T22:33:50.474Z
1,9,2025-12-04T15:11:15.463Z
1,10,2025-07-28T22:20:13.373Z
1,10,2025-06-16T02:07:53.806Z
1,8,2025-05-07T19:28:18.207Z
1,10,2025-03-23T08:15:32.840Z
1,8,2025-08-07T19:01:26.368Z
1,9,2025-07-23T13:13:00.258Z
1,8,2025-01-16T11:44:31.608Z
1,8,2025-04-08T04:29:38.294Z
1,10,2025-05-15T12:53:47.420Z
1,9,2025-03-13T00:47:36.785Z
1,8,2025-02-05T15:39:52.271Z
1,8,2025-06-05T06:57:33.198Z
1,10,2025-09-07T14:48:24.681Z
1,10,2025-04-01T09:30:32.316Z
1,9,2025-08-22T13:58:04.707Z
1,10,2025-02-15T16:58:35.905Z
1,8,2025-11-20T17:30:48.230Z
1,8,2025-02-10T20:54:23.396Z
1,9,2025-06-07T03:00:18.088Z
1,8,2025-07-31T16:45:27.766Z
1,10,2025-07-31T10:34:59.736Z
1,10,2025-05-07T18:49:42.295Z
1,8,2025-02-27T21:19:08.028Z
1,10,2025-03-22T22:17:31.834Z
1,9,2025-05-11T00:26:27.225Z
1,10,2025-08-17T10:35:47.073Z
1,9,2025-11-03T22:33:24.947Z
1,10,2025-01-13T02:45:40.839Z
1,10,2025-02-11T17:39:47.025Z
1,10,2025-11-04T17:29:54.479Z
1,9,2025-03-12T13:22:45.960Z
1,9,2025-03-20T22:38:58.803Z
1,8,2025-11-25T03:20:27.663Z
1,8,2025-10-04T03:51:00.892Z
1,8,2025-08-20T15:37:18.808Z
1,8,2025-01-26T05:51:15.052Z
1,10,2025-10-07T23:02:46.840Z
1,9,2025-01-29T21:34:43.515Z
1,8,2025-04-11T06:15:51.690Z
1,10,2025-11-06T04:53:26.404Z
1,10,2025-02-11T14:44:30.812Z
1,10,2025-07-05T05:02:37.499Z
1,8,2025-03-12T14:52:27.351Z
1,10,2025-07-03T13:42:28.098Z
1,8,2025-11-26T02:26:01.277Z
1,9,2025-04-09T06:47:52.320Z
1,10,2025-02-11T18:41:40.652Z
1,9,2025-06-08T17:35:46.759Z
1,9,2025-03-03T06:27:35.645Z
1,8,2025-12-06T16:55:00.888Z
1,9,2025-04-07T17:37:32.527Z
1,9,2025-01-05T15:15:19.126Z
1,9,2025-07-29T00:17:26.233Z
1,8,2025-03-16T08:10:27.135Z
1,10,2025-10-02T01:27:44.675Z
1,10,2025-08-15T15:36:40.542Z
1,8,2025-11-24T02:54:04.927Z
1,9,2025-03-12T12:27:18.035Z
1,8,2025-06-13T07:43:32.042Z
1,10,2025-08-13T07:06:28.212Z
1,9,2025-03-23T11:16:39.657Z
1,8,2025-06-06T05:13:58.328Z
1,9,2025-08-19T00:31:35.307Z
1,8,2025-11-05T20:05:50.058Z
1,9,2025-10-05T06:05:56.085Z
1,10,2025-06-04T02:57:28.949Z
1,9,2025-07-28T12:36:16.179Z
1,9,2025-06-19T10:49:44.433Z
1,9,2025-09-09T01:57:45.216Z
1,10,2025-11-09T12:40:24.562Z
1,8,2025-01-21T02:12:17.330Z
1,9,2025-11-07T00:18:34.756Z
1,10,2025-10-11T03:11:54.122Z
1,8,2025-08-12T08:58:22.035Z
1,8,2025-07-15T04:48:30.038Z
1,10,2025-04-22T08:24:41.143Z
1,9,2025-11-07T09:32:16.115Z
1,10,2025-10-18T08:54:20.170Z
1,9,2025-09-23T15:40:58.291Z
1,8,2025-07-13T02:52:47.608Z
1,10,2025-06-16T17:54:18.827Z
1,8,2025-10-27T14:51:02.630Z
1,10,2025-09-03T17:36:02.281Z
1,10,2025-04-06T08:51:16.846Z
1,10,2025-07-23T03:00:10.698Z
1,8,2025-05-20T23:38:48.340Z
1,10,2025-03-30T16:49:43.995Z
1,10,2025-10-23T09:12:08.924Z
1,10,2025-10-01T11:06:59.867Z
1,10,2025-09-06T08:07:09.565Z
1,10,2025-07-22T22:40:12.448Z
1,9,2025-03-01T08:26:19.616Z
1,8,2025-09-13T17:13:36.670Z
1,10,2025-07-30T21:47:11.470Z
1,8,2025-10-30T20:52:24.348Z
1,8,2025-11-30T01:22:23.458Z
1,9,2025-02-14T16:46:12.360Z
1,10,2025-05-30T01:14:14.925Z
1,9,2025-08-30T14:21:58.430Z
1,10,2025-05-25T23:01:24.994Z
1,8,2025-03-28T11:42:09.913Z
1,8,2025-06-04T22:11:20.056Z
1,10,2025-05-17T05:07:51.337Z
1,8,2025-10-26T09:52:00.111Z
1,8,2025-05-23T16:42:05.373Z
1,8,2025-11-05T09:36:48.433Z
1,8,2025-07-07T19:41:27.761Z
1,8,2025-04-30T12:25:08.028Z
1,8,2025-11-28T14:40:05.013Z
1,8,2025-10-19T10:47:23.629Z
1,8,2025-04-05T07:15:57.479Z
1,10,2025-07-28T01:29:11.529Z
1,10,2025-03-27T04:06:11.933Z
1,9,2025-07-05T15:33:15.430Z
1,9,2025-08-05T06:09:51.110Z
1,9,2025-04-01T09:06:37.028Z
1,9,2025-09-20T10:11:13.360Z
1,10,2025-10-06T06:07:34.292Z
1,8,2025-03-11T04:31:42.698Z
1,8,2025-09-27T01:16:36.827Z
1,8,2025-05-09T14:07:02.180Z
1,10,2025-11-19T21:12:23.845Z
1,10,2025-08-30T08:37:05.315Z
1,9,2025-04-13T08:36:09.213Z
1,9,2025-06-26T18:17:50.910Z
1,8,2025-11-08T23:19:53.952Z
1,8,2025-10-02T22:02:22.718Z
1,10,2025-07-15T20:56:06.347Z
1,10,2025-07-03T01:55:04.969Z
1,10,2025-01-01T03:13:04.056Z
1,9,2025-12-02T17:19:47.921Z
1,9,2025-09-21T18:30:05.684Z
1,9,2025-08-22T02:30:35.227Z
1,8,2025-09-12T05:32:57.457Z
1,10,2025-06-24T22:37:37.563Z
1,8,2025-06-24T07:12:13.952Z
1,8,2025-08-11T09:55:42.915Z
1,8,2025-01-26T08:32:57.739Z
1,9,2025-10-13T20:51:49.591Z
1,9,2025-09-08T02:04:12.478Z
1,10,2025-01-10T01:46:33.020Z
1,10,2025-03-21T08:51:26.178Z
1,8,2025-02-10T05:19:15.536Z
1,8,2025-09-19T06:44:56.265Z
1,10,2025-04-03T04:52:59.166Z
1,9,2025-08-24T21:41:05.983Z
1,8,2025-07-08T12:50:33.424Z
1,8,2025-04-17T19:11:19.362Z
1,8,2025-07-08T13:35:14.541Z
1,8,2025-11-06T23:02:11.881Z
1,9,2025-11-27T19:24:20.793Z
226,8,2025-02-08T14:22:46.827Z
226,10,2025-06-28T00:31:02.128Z
226,9,2025-05-11T11:33:35.007Z
226,8,2025-02-23T04:16:22.351Z
226,10,2025-08-19T14:31:59.300Z
226,9,2025-05-08T06:37:05.147Z
226,9,2025-04-21T23:28:59.533Z
226,8,2025-08-05T07:20:45.453Z
226,8,2025-12-01T22:31:20.826Z
226,8,2025-09-15T18:13:49.268Z
226,9,2025-07-24T07:06:19.252Z
226,8,2025-07-19T22:53:40.735Z
226,8,2025-02-09T17:45:05.374Z
226,9,2025-01-03T18:25:26.275Z
226,10,2025-04-18T00:12:18.083Z
226,10,2025-04-16T19:15:43.873Z
226,9,2025-04-07T09:45:40.998Z
226,9,2025-05-22T00:23:33.926Z
226,10,2025-04-30T02:11:39.145Z
226,9,2025-03-08T02:24:45.093Z
226,10,2025-04-11T10:40:21.923Z
226,8,2025-09-07T13:29:14.514Z
226,9,2025-01-13T19:15:38.173Z
226,8,2025-03-27T13:47:53.981Z
226,10,2025-05-21T21:01:59.199Z
226,9,2025-09-03T05:36:40.855Z
226,8,2025-07-06T01:55:04.822Z
226,8,2025-07-23T12:36:36.578Z
226,10,2025-10-22T23:09:58.373Z
226,10,2025-07-28T15:12:47.150Z
226,8,2025-10-25T23:02:15.852Z
226,8,2025-11-06T16:36:52.837Z
226,9,2025-05-09T03:27:14.612Z
226,9,2025-04-23T18:25:44.387Z
226,8,2025-08-24T20:32:52.908Z
226,8,2025-05-30T01:33:20.799Z
226,8,2025-10-05T20:04:22.667Z
226,8,2025-04-02T09:37:09.385Z
226,10,2025-04-12T09:17:17.286Z
226,8,2025-05-08T09:36:21.012Z
226,9,2025-11-25T23:25:42.997Z
226,9,2025-05-16T19:37:59.621Z
226,9,2025-01-22T21:25:32.055Z
226,9,2025-08-29T13:20:59.174Z
226,10,2025-07-29T18:31:54.604Z
226,8,2025-03-14T19:20:04.540Z
226,10,2025-07-09T03:44:10.105Z
226,8,2025-10-22T13:36:54.517Z
226,8,2025-05-03T06:09:18.005Z
226,9,2025-06-22T00:04:13.635Z
226,9,2025-09-17T03:13:39.752Z
226,9,2025-07-30T20:31:02.483Z
226,8,2025-02-12T19:40:42.162Z
226,8,2025-05-20T04:17:03.704Z
226,8,2025-03-26T07:31:54.656Z
226,10,2025-08-18T16:20:24.929Z
226,8,2025-06-19T04:04:14.292Z
226,8,2025-02-14T23:54:39.700Z
226,9,2025-07-22T07:19:36.118Z
226,10,2025-10-25T11:24:26.801Z
226,10,2025-02-24T21:18:39.037Z
226,9,2025-10-14T18:22:04.643Z
226,10,2025-07-03T00:18:49.056Z
226,8,2025-02-25T13:31:41.521Z
226,8,2025-09-10T21:06:24.604Z
226,10,2025-05-23T19:44:36.138Z
226,10,2025-05-22T01:35:47.610Z
226,10,2025-04-18T22:47:11.729Z
226,8,2025-06-09T17:48:13.011Z
226,10,2025-03-12T11:29:45.003Z
226,9,2025-09-05T16:04:15.704Z
226,10,2025-06-02T17:41:17.209Z
226,8,2025-10-27T19:43:13.599Z
226,8,2025-03-09T16:25:36.553Z
226,9,2025-04-15T21:21:23.632Z
226,8,2025-06-28T03:30:59.815Z
226,8,2025-11-22T02:08:26.448Z
226,9,2025-11-30T02:31:53.905Z
226,10,2025-02-07T03:33:22.411Z
226,10,2025-05-25T11:53:49.565Z
226,8,2025-04-05T05:37:59.192Z
226,10,2025-02-24T21:18:49.130Z
226,9,2025-06-01T23:36:01.800Z
226,10,2025-07-29T13:37:46.728Z
226,10,2025-12-06T20:13:44.295Z
226,10,2025-04-17T21:45:39.516Z
226,8,2025-09-03T16:19:08.047Z
226,9,2025-01-14T10:18:01.644Z
226,9,2025-10-11T19:59:24.874Z
226,9,2025-11-26T17:37:20.122Z
226,9,2025-11-07T15:51:02.155Z
226,10,2025-05-04T08:50:37.913Z
226,9,2025-09-30T07:20:43.468Z
226,9,2025-06-15T10:11:17.133Z
226,10,2025-04-07T20:34:56.995Z
226,9,2025-04-25T02:53:36.727Z
226,9,2025-02-07T07:29:38.144Z
226,10,2025-11-08T03:04:59.501Z
226,9,2025-12-09T06:57:01.250Z
226,10,2025-07-30T20:58:34.750Z
226,10,2025-01-12T12:13:20.943Z
226,8,2025-01-23T21:25:40.644Z
226,8,2025-04-27T17:26:22.662Z
226,8,2025-10-01T10:31:42.238Z
226,9,2025-04-11T19:40:22.630Z
226,8,2025-03-09T09:48:04.738Z
226,10,2025-08-27T01:39:30.217Z
226,10,2025-08-07T20:45:21.805Z
226,10,2025-08-31T08:04:30.112Z
226,9,2025-09-15T12:37:59.289Z
226,9,2025-03-28T16:09:55.908Z
226,8,2025-05-07T23:38:33.960Z
226,8,2025-02-06T09:35:12.197Z
226,9,2025-11-10T19:44:56.164Z
226,8,2025-04-23T19:40:13.136Z
226,9,2025-07-23T18:27:47.435Z
226,8,2025-11-04T07:57:42.815Z
226,9,2025-01-01T09:28:17.411Z
226,8,2025-09-07T02:17:06.590Z
226,10,2025-07-24T12:11:43.192Z
226,10,2025-09-25T16:06:44.599Z
226,8,2025-06-28T11:49:53.149Z
226,8,2025-11-10T12:42:18.420Z
226,10,2025-08-24T05:43:40.167Z
226,10,2025-05-03T14:20:49.298Z
226,10,2025-05-18T04:50:46.262Z
226,8,2025-09-22T03:12:37.087Z
226,9,2025-09-11T11:32:30.706Z
226,9,2025-11-10T20:48:17.951Z
226,9,2025-03-21T04:25:10.422Z
226,8,2025-01-26T21:03:12.355Z
226,9,2025-01-16T18:16:02.518Z
226,10,2025-05-30T20:54:56.346Z
226,8,2025-05-29T21:06:47.193Z
226,9,2025-05-12T07:03:19.432Z
226,8,2025-03-09T18:52:06.631Z
226,9,2025-03-20T19:46:19.170Z
226,8,2025-03-22T08:26:49.496Z
226,9,2025-03-21T01:58:06.813Z
226,8,2025-05-09T15:59:27.351Z
226,10,2025-02-09T17:09:06.325Z
226,10,2025-10-08T07:26:39.876Z
226,8,2025-02-12T20:21:32.427Z
226,8,2025-01-03T08:58:29.011Z
226,8,2025-02-12T15:59:11.229Z
226,9,2025-01-25T03:57:45.789Z
226,8,2025-07-11T00:00:14.764Z
226,8,2025-08-01T23:28:18.183Z
226,10,2025-04-30T14:40:36.761Z
226,10,2025-10-05T11:27:34.419Z
226,8,2025-01-18T11:03:36.069Z
226,8,2025-11-10T19:45:30.984Z
226,9,2025-07-19T07:21:45.697Z
226,8,2025-06-11T10:39:36.687Z
226,9,2025-03-04T23:39:48.209Z
226,9,2025-05-05T23:42:20.448Z
226,8,2025-06-11T13:20:34.603Z
226,10,2025-10-27T05:26:20.328Z
226,8,2025-03-06T16:21:09.212Z
226,9,2025-01-18T18:50:07.355Z
226,9,2025-03-27T18:05:52.488Z
226,9,2025-09-17T08:13:26.606Z
226,10,2025-10-16T14:49:52.170Z
226,10,2025-10-20T02:32:16.405Z
226,9,2025-01-01T23:40:43.391Z
226,10,2025-12-09T08:35:40.056Z
226,10,2025-06-29T20:59:40.561Z
226,9,2025-05-23T12:51:29.660Z
226,10,2025-12-05T03:46:17.235Z
226,8,2025-07-16T22:03:55.869Z
226,9,2025-03-26T10:16:50.335Z
226,9,2025-05-09T15:11:30.198Z
226,8,2025-03-14T01:02:59.474Z
226,10,2025-10-21T18:17:43.551Z
226,9,2025-07-24T18:09:07.768Z
226,8,2025-07-11T14:32:06.471Z
226,8,2025-09-26T07:59:17.870Z
226,9,2025-09-27T12:25:01.272Z
226,10,2025-11-30T05:30:51.418Z
226,10,2025-01-17T06:18:35.496Z
226,8,2025-01-14T05:41:16.147Z
226,10,2025-06-28T10:49:39.377Z
226,8,2025-06-23T20:44:58.789Z
226,8,2025-08-19T20:12:37.480Z
226,9,2025-06-30T09:33:46.512Z
226,9,2025-03-28T13:43:00.801Z
234,8,2025-06-17T19:53:24.521Z
234,10,2025-12-09T07:45:49.849Z
234,9,2025-07-18T19:33:52.513Z
234,10,2025-06-06T01:41:48.486Z
234,9,2025-03-20T08:21:48.711Z
234,8,2025-04-25T09:18:25.704Z
234,10,2025-01-14T13:54:16.664Z
234,8,2025-08-27T19:20:42.803Z
234,8,2025-01-26T18:21:06.522Z
234,8,2025-07-11T10:13:20.179Z
234,8,2025-10-04T19:05:52.551Z
234,10,2025-11-02T21:21:46.401Z
234,9,2025-08-30T09:19:17.907Z
234,9,2025-11-19T13:56:22.627Z
234,9,2025-01-21T07:11:18.373Z
234,10,2025-02-24T02:03:31.754Z
234,8,2025-06-29T18:44:56.737Z
233,10,2025-02-08T18:43:39.744Z
234,9,2025-01-22T10:54:36.886Z
234,8,2025-09-27T18:44:08.114Z
234,9,2025-02-12T20:32:42.587Z
234,9,2025-03-28T19:23:22.153Z
234,10,2025-06-20T21:57:59.585Z
234,9,2025-09-30T01:25:58.604Z
234,10,2025-02-14T22:39:51.483Z
234,10,2025-02-20T06:07:12.831Z
234,9,2025-11-29T18:28:15.773Z
234,8,2025-06-21T16:11:20.540Z
234,8,2025-10-09T17:11:01.397Z
234,8,2025-09-26T02:30:39.719Z
234,8,2025-10-11T17:53:27.617Z
234,10,2025-09-02T23:33:14.781Z
234,9,2025-06-17T16:36:00.868Z
234,8,2025-04-05T08:55:26.908Z
234,10,2025-07-27T00:56:21.033Z
230,10,2025-08-07T18:36:32.955Z
234,10,2025-02-14T03:47:29.000Z
234,8,2025-09-05T14:20:35.631Z
234,8,2025-08-23T16:40:59.636Z
234,9,2025-01-20T22:20:16.676Z
234,10,2025-09-30T04:15:18.462Z
234,10,2025-11-14T03:56:33.954Z
230,9,2025-05-07T06:09:14.042Z
234,10,2025-12-09T18:28:47.412Z
234,9,2025-03-01T13:08:56.524Z
234,8,2025-01-24T06:29:29.043Z
234,10,2025-06-16T00:44:19.444Z
234,8,2025-11-24T04:04:24.019Z
234,9,2025-10-02T15:58:41.435Z
234,9,2025-05-13T03:36:18.874Z
234,10,2025-01-25T17:14:42.474Z
234,9,2025-06-21T02:53:07.490Z
234,8,2025-06-28T17:45:01.079Z
234,9,2025-06-17T20:27:09.602Z
234,9,2025-07-02T15:37:22.659Z
234,9,2025-11-29T18:57:58.317Z
234,8,2025-07-16T11:58:19.975Z
234,9,2025-08-12T07:21:50.639Z
234,8,2025-05-26T15:36:56.091Z
234,10,2025-03-26T19:38:49.712Z
234,9,2025-09-29T05:53:33.505Z
234,8,2025-04-03T08:21:41.803Z
234,10,2025-06-21T03:38:15.784Z
234,8,2025-07-30T11:39:01.736Z
230,9,2025-04-22T21:46:13.659Z
234,10,2025-10-23T05:27:19.074Z
234,8,2025-07-11T22:26:43.004Z
234,8,2025-04-17T04:36:00.485Z
234,9,2025-07-11T14:25:18.782Z
230,8,2025-01-21T01:00:59.427Z
230,9,2025-01-07T17:38:44.409Z
230,10,2025-06-23T14:07:43.032Z
230,10,2025-03-03T09:37:37.356Z
230,8,2025-09-25T05:49:25.877Z
230,8,2025-11-08T13:59:28.119Z
230,10,2025-04-23T14:46:37.666Z
230,10,2025-01-24T06:43:58.667Z
230,9,2025-07-13T21:22:36.624Z
230,10,2025-02-25T17:20:49.449Z
230,8,2025-11-13T14:52:18.868Z
230,9,2025-03-14T14:22:23.314Z
230,9,2025-01-24T16:56:19.791Z
230,9,2025-01-19T02:10:00.106Z
230,9,2025-07-29T20:40:29.698Z
230,10,2025-05-10T06:49:35.138Z
230,8,2025-10-21T22:55:11.348Z
230,10,2025-04-17T09:28:49.296Z
230,9,2025-08-27T01:25:01.269Z
230,8,2025-11-26T00:32:42.447Z
230,9,2025-11-18T19:24:55.801Z
230,9,2025-11-05T04:36:59.519Z
230,9,2025-03-24T10:55:03.709Z
230,8,2025-05-25T13:36:00.457Z
230,8,2025-07-11T10:59:51.333Z
230,10,2025-04-30T19:58:23.447Z
230,10,2025-11-14T08:08:46.112Z
230,9,2025-09-03T23:42:42.510Z
230,9,2025-10-02T06:03:21.236Z
230,8,2025-05-29T00:32:49.097Z
230,9,2025-01-09T15:39:47.551Z
230,9,2025-08-09T13:18:01.311Z
230,9,2025-04-13T23:27:39.524Z
230,8,2025-03-01T12:17:57.059Z
230,8,2025-06-29T23:23:36.838Z
230,10,2025-01-04T17:37:23.355Z
230,9,2025-11-23T03:48:44.754Z
230,10,2025-07-06T21:55:43.374Z
230,8,2025-05-07T18:37:54.896Z
230,10,2025-02-24T01:39:00.832Z
230,8,2025-06-19T00:47:46.208Z
230,9,2025-12-04T06:49:19.811Z
230,10,2025-07-29T20:59:42.745Z
230,8,2025-01-23T21:22:40.095Z
230,8,2025-03-28T10:26:59.562Z
230,9,2025-03-18T04:36:40.814Z
230,8,2025-03-28T02:51:46.361Z
230,9,2025-07-10T02:15:22.758Z
230,9,2025-03-18T07:04:12.866Z
230,8,2025-01-27T19:50:09.467Z
230,8,2025-02-09T07:17:07.551Z
230,8,2025-01-07T11:30:23.542Z
230,9,2025-05-09T08:02:03.819Z
230,8,2025-01-21T22:31:42.267Z
230,8,2025-11-10T18:45:46.850Z
230,8,2025-04-03T21:45:31.277Z
230,10,2025-09-21T07:07:37.163Z
230,8,2025-04-18T15:56:16.328Z
230,8,2025-12-09T05:19:13.048Z
230,9,2025-10-20T10:57:14.292Z
230,8,2025-01-28T16:01:05.426Z
230,10,2025-11-12T00:17:25.660Z
230,8,2025-11-15T19:33:47.117Z
230,8,2025-08-07T00:54:57.293Z
230,8,2025-09-24T19:33:49.672Z
230,10,2025-04-24T12:30:37.575Z
230,9,2025-08-27T15:20:34.831Z
230,9,2025-11-17T11:18:12.015Z
230,9,2025-01-08T13:34:08.717Z
230,8,2025-08-23T18:07:59.585Z
230,8,2025-05-11T12:13:03.132Z
230,9,2025-07-23T07:59:08.217Z
230,10,2025-02-24T13:10:34.914Z
230,9,2025-06-22T04:15:27.888Z
230,10,2025-07-02T19:25:27.859Z
230,8,2025-03-14T17:41:41.810Z
230,9,2025-04-19T21:14:11.371Z
230,10,2025-05-26T09:14:53.854Z
230,9,2025-10-18T22:26:54.493Z
230,9,2025-05-04T11:50:49.609Z
230,8,2025-10-31T09:25:33.839Z
230,10,2025-10-15T21:04:57.478Z
230,10,2025-07-26T07:06:31.246Z
230,10,2025-10-19T10:02:40.004Z
230,8,2025-09-17T06:02:36.306Z
230,10,2025-01-07T12:23:40.415Z
230,10,2025-06-26T11:00:43.692Z
230,9,2025-12-03T23:06:40.363Z
230,10,2025-10-01T02:31:25.577Z
230,9,2025-02-20T22:58:27.121Z
230,9,2025-03-26T21:44:53.946Z
230,10,2025-05-11T23:28:20.613Z
230,9,2025-07-04T06:39:43.714Z
230,10,2025-04-23T18:53:24.868Z
230,10,2025-04-27T05:36:38.653Z
231,10,2025-05-15T16:43:40.003Z
231,8,2025-04-01T01:21:58.019Z
231,10,2025-05-12T00:35:20.877Z
231,9,2025-11-07T18:32:40.851Z
231,10,2025-12-09T08:46:20.756Z
231,8,2025-03-09T08:09:05.936Z
231,9,2025-01-02T12:40:55.438Z
231,8,2025-06-17T22:23:48.168Z
231,10,2025-06-13T17:04:02.903Z
231,9,2025-06-16T09:39:34.380Z
231,10,2025-07-02T03:31:41.872Z
231,8,2025-05-28T15:53:02.710Z
231,9,2025-10-07T00:43:06.046Z
231,10,2025-04-13T00:47:00.624Z
231,8,2025-11-01T17:09:36.095Z
231,10,2025-07-19T05:28:08.266Z
231,9,2025-05-24T01:54:04.426Z
231,9,2025-10-16T19:40:42.384Z
231,8,2025-11-05T18:05:20.851Z
231,10,2025-03-01T15:27:43.258Z
231,10,2025-03-05T04:21:05.421Z
231,10,2025-10-12T12:05:51.213Z
231,9,2025-10-12T10:27:24.201Z
231,10,2025-01-08T19:53:35.393Z
231,9,2025-09-02T20:05:42.118Z
231,9,2025-07-23T22:31:51.057Z
231,9,2025-02-22T17:36:41.743Z
231,9,2025-05-13T11:46:10.557Z
231,10,2025-01-28T07:11:53.089Z
231,8,2025-08-18T02:38:51.358Z
231,9,2025-11-09T09:39:22.590Z
231,8,2025-01-25T09:36:30.167Z
231,8,2025-04-28T06:55:15.534Z
231,10,2025-09-08T07:39:36.898Z
231,10,2025-08-17T10:48:57.476Z
231,8,2025-03-17T21:03:12.586Z
231,9,2025-05-03T05:59:34.589Z
231,9,2025-07-01T23:16:08.568Z
231,10,2025-10-10T06:34:37.533Z
231,8,2025-06-14T05:31:22.146Z
231,9,2025-08-29T11:07:12.089Z
231,10,2025-05-09T17:03:02.972Z
231,8,2025-02-15T06:57:38.930Z
231,8,2025-11-18T11:31:43.496Z
231,10,2025-01-13T15:23:47.373Z
231,9,2025-01-25T21:30:12.878Z
231,10,2025-08-26T16:25:42.011Z
231,8,2025-04-01T23:31:35.848Z
231,10,2025-02-14T00:19:36.472Z
231,9,2025-08-12T05:43:06.607Z
231,8,2025-03-09T07:31:03.105Z
231,10,2025-02-16T09:59:39.293Z
231,9,2025-11-04T16:55:49.504Z
231,9,2025-04-10T01:06:03.768Z
231,9,2025-04-06T11:53:23.513Z
231,8,2025-02-23T14:15:59.731Z
231,10,2025-07-12T12:27:05.418Z
231,8,2025-10-14T12:39:05.665Z
231,9,2025-11-21T16:00:44.579Z
231,10,2025-06-15T13:06:27.553Z
231,10,2025-06-20T23:09:17.499Z
231,8,2025-04-08T09:22:04.557Z
231,8,2025-10-23T03:07:24.673Z
231,8,2025-09-05T02:53:48.588Z
231,9,2025-04-06T22:39:46.309Z
231,10,2025-07-02T16:07:28.170Z
231,8,2025-08-01T02:57:49.737Z
231,9,2025-04-14T04:14:36.749Z
231,9,2025-09-09T14:34:10.997Z
231,8,2025-10-05T10:09:43.524Z
231,8,2025-10-24T00:30:43.305Z
231,9,2025-03-22T04:31:43.858Z
231,10,2025-03-11T15:07:44.236Z
231,8,2025-03-07T06:53:42.359Z
231,9,2025-07-08T04:19:47.620Z
231,10,2025-04-03T16:46:40.224Z
231,8,2025-01-30T18:43:26.988Z
231,8,2025-09-10T23:10:31.736Z
231,10,2025-09-09T16:42:44.146Z
231,10,2025-12-04T17:51:52.051Z
231,9,2025-10-18T20:55:53.683Z
231,9,2025-03-25T09:26:56.858Z
231,9,2025-09-09T12:07:51.743Z
231,8,2025-02-02T23:29:53.518Z
231,9,2025-04-12T10:30:48.115Z
231,10,2025-08-17T00:05:27.939Z
231,8,2025-05-30T01:14:20.217Z
231,9,2025-03-13T10:31:16.455Z
231,8,2025-12-02T13:03:43.271Z
231,10,2025-06-29T19:08:35.270Z
231,8,2025-02-14T03:13:01.835Z
231,10,2025-09-08T07:48:46.447Z
231,9,2025-06-07T05:56:16.807Z
231,9,2025-07-23T10:29:11.203Z
3,9,2025-09-28T04:25:46.630Z
231,9,2025-07-12T18:41:23.592Z
231,9,2025-04-06T06:40:24.221Z
231,8,2025-12-01T08:56:35.919Z
231,8,2025-10-09T19:30:44.431Z
231,10,2025-04-29T02:17:12.445Z
231,9,2025-08-14T18:55:33.786Z
231,8,2025-11-21T05:25:48.256Z
231,10,2025-07-26T10:16:38.955Z
231,8,2025-06-26T16:52:25.060Z
231,10,2025-04-11T07:09:16.143Z
231,10,2025-03-31T13:11:21.139Z
231,9,2025-09-01T02:47:57.992Z
231,9,2025-07-01T08:45:27.775Z
231,10,2025-10-17T01:10:44.679Z
231,10,2025-03-05T14:09:00.508Z
231,10,2025-09-25T00:32:35.032Z
231,9,2025-03-05T17:56:05.447Z
231,9,2025-07-01T15:01:36.467Z
231,10,2025-08-27T21:04:05.633Z
231,10,2025-02-27T10:29:12.523Z
231,8,2025-04-29T10:39:28.652Z
231,8,2025-11-07T19:48:19.534Z
231,8,2025-05-06T17:33:26.998Z
231,10,2025-06-23T10:14:38.048Z
232,8,2025-05-08T03:42:23.139Z
232,8,2025-06-14T01:48:13.536Z
232,10,2025-01-30T20:00:39.297Z
232,10,2025-02-26T00:03:44.890Z
232,10,2025-06-01T18:05:18.504Z
232,10,2025-11-10T00:28:43.841Z
232,8,2025-07-04T15:43:37.082Z
232,10,2025-01-03T02:56:24.479Z
232,9,2025-11-24T12:38:20.770Z
232,10,2025-10-17T13:57:57.404Z
232,9,2025-05-07T17:49:56.042Z
232,9,2025-07-01T12:49:48.982Z
232,8,2025-01-05T12:12:41.543Z
232,8,2025-05-06T04:29:09.581Z
232,8,2025-06-22T23:07:32.953Z
232,9,2025-01-20T23:14:18.893Z
232,8,2025-02-12T20:04:03.959Z
232,8,2025-02-08T17:59:37.249Z
232,8,2025-07-14T06:53:35.406Z
232,8,2025-09-15T10:34:22.849Z
232,10,2025-10-11T09:54:20.360Z
232,10,2025-02-04T01:12:40.515Z
232,9,2025-06-13T05:37:18.569Z
232,9,2025-11-27T14:13:20.384Z
232,9,2025-09-28T21:03:27.850Z
232,10,2025-08-01T06:34:20.602Z
232,9,2025-03-26T13:03:38.070Z
232,8,2025-09-08T09:29:21.637Z
232,10,2025-09-13T12:57:35.567Z
232,10,2025-03-19T03:07:41.964Z
232,9,2025-07-20T06:32:23.315Z
232,8,2025-01-20T23:31:31.680Z
232,8,2025-06-28T18:50:09.791Z
232,10,2025-01-18T19:50:40.198Z
232,9,2025-08-18T19:54:18.676Z
232,8,2025-09-07T00:33:49.929Z
232,8,2025-05-03T08:09:44.826Z
232,8,2025-12-04T05:23:59.006Z
232,9,2025-03-06T04:45:59.833Z
232,8,2025-05-13T16:15:25.259Z
232,8,2025-06-06T21:58:09.417Z
232,9,2025-06-23T19:55:19.189Z
232,9,2025-04-11T08:35:21.141Z
232,9,2025-07-28T14:43:26.774Z
232,8,2025-07-25T08:26:15.870Z
232,10,2025-07-23T07:14:19.655Z
232,9,2025-03-04T23:22:59.814Z
232,10,2025-03-10T10:28:36.625Z
232,10,2025-05-12T18:51:43.237Z
232,9,2025-07-18T09:15:44.208Z
232,9,2025-01-06T00:57:09.830Z
232,10,2025-03-07T02:22:50.609Z
232,8,2025-03-07T09:52:58.162Z
232,10,2025-02-07T20:36:41.486Z
232,10,2025-02-05T05:23:52.952Z
232,10,2025-03-08T13:56:38.855Z
232,10,2025-04-09T22:48:27.197Z
232,8,2025-02-11T11:07:45.288Z
232,9,2025-11-17T04:15:46.632Z
232,8,2025-08-04T22:16:39.065Z
232,9,2025-10-31T16:08:09.233Z
232,9,2025-04-08T04:10:20.446Z
232,10,2025-03-18T03:34:12.731Z
232,10,2025-09-05T17:42:12.767Z
232,8,2025-04-26T14:39:25.574Z
232,8,2025-09-14T11:31:55.009Z
232,9,2025-10-24T09:31:15.142Z
232,8,2025-08-07T21:05:55.622Z
232,10,2025-08-29T01:02:28.646Z
232,10,2025-11-25T07:50:04.282Z
232,10,2025-10-26T18:27:15.188Z
232,9,2025-09-25T04:53:00.464Z
232,8,2025-10-01T11:43:31.761Z
232,8,2025-09-04T15:46:16.199Z
232,8,2025-01-01T16:52:48.781Z
232,8,2025-04-18T19:15:17.227Z
232,8,2025-11-09T21:59:39.299Z
232,10,2025-10-25T02:04:10.384Z
232,8,2025-05-05T08:22:44.578Z
233,8,2025-07-13T07:17:52.869Z
233,10,2025-05-09T01:46:21.289Z
233,10,2025-09-22T09:35:25.669Z
233,10,2025-05-09T23:24:59.862Z
233,8,2025-05-12T09:53:53.968Z
233,10,2025-08-15T15:38:20.285Z
233,10,2025-07-10T13:36:34.876Z
233,9,2025-10-26T08:27:45.798Z
233,9,2025-03-12T09:54:28.085Z
233,8,2025-08-13T05:53:16.311Z
233,9,2025-09-15T08:29:26.675Z
233,10,2025-02-06T06:23:40.917Z
233,8,2025-05-19T09:12:12.539Z
233,10,2025-04-05T12:43:36.783Z
233,10,2025-08-24T03:12:29.674Z
233,9,2025-03-25T07:58:03.720Z
233,9,2025-06-14T04:48:46.421Z
233,10,2025-08-15T06:20:49.327Z
233,8,2025-05-23T13:14:04.096Z
233,10,2025-11-22T17:32:07.357Z
233,10,2025-06-05T20:04:23.194Z
233,9,2025-09-01T09:07:40.211Z
233,10,2025-08-05T22:26:28.459Z
233,9,2025-07-30T07:33:15.302Z
233,8,2025-12-08T05:33:09.347Z
233,10,2025-02-03T12:24:05.494Z
233,10,2025-05-12T22:04:42.270Z
233,9,2025-08-24T05:46:18.277Z
233,10,2025-05-11T20:40:34.410Z
233,8,2025-06-07T12:43:03.210Z
233,10,2025-05-31T17:50:01.644Z
233,8,2025-10-06T01:15:35.012Z
233,8,2025-03-08T22:12:57.387Z
233,10,2025-09-28T20:29:13.067Z
233,9,2025-07-26T08:34:31.971Z
233,9,2025-11-08T15:50:14.191Z
233,8,2025-01-01T11:49:45.355Z
233,8,2025-08-18T09:33:12.608Z
233,8,2025-11-08T15:18:26.856Z
233,9,2025-08-06T04:48:15.092Z
233,9,2025-01-13T18:17:00.447Z
233,9,2025-09-05T11:47:22.453Z
233,8,2025-02-26T01:47:20.904Z
233,9,2025-07-22T05:49:24.532Z
233,8,2025-02-04T03:34:56.864Z
233,9,2025-10-01T09:11:13.645Z
233,10,2025-09-08T22:09:59.420Z
233,9,2025-08-09T13:16:56.480Z
233,9,2025-02-11T18:47:27.723Z
233,10,2025-04-16T07:19:33.654Z
233,8,2025-11-18T04:05:02.842Z
233,10,2025-07-27T16:27:54.513Z
233,8,2025-04-05T20:59:43.337Z
233,9,2025-07-19T05:01:42.557Z
233,8,2025-02-24T20:11:28.373Z
233,8,2025-05-21T11:10:18.049Z
233,10,2025-04-26T09:51:10.077Z
233,9,2025-09-16T02:09:02.450Z
233,9,2025-09-27T14:13:40.370Z
233,10,2025-11-27T07:08:15.524Z
233,9,2025-04-11T07:30:32.601Z
233,10,2025-04-12T22:18:25.227Z
233,10,2025-11-01T14:38:01.585Z
233,8,2025-04-21T04:52:01.645Z
233,9,2025-04-30T05:09:46.943Z
233,9,2025-01-10T00:16:12.259Z
233,10,2025-01-16T13:15:51.406Z
233,9,2025-10-28T00:25:19.699Z
233,10,2025-08-19T23:36:40.106Z
233,9,2025-07-23T16:54:57.267Z
233,9,2025-02-24T09:57:50.519Z
233,9,2025-11-01T11:59:48.901Z
233,8,2025-03-27T19:04:33.080Z
233,8,2025-03-21T13:19:40.404Z
233,9,2025-08-26T16:00:39.186Z
233,10,2025-12-05T08:22:13.486Z
233,10,2025-11-09T11:56:41.334Z
233,10,2025-07-08T22:50:48.369Z
233,8,2025-11-06T18:03:10.896Z
233,8,2025-04-24T22:51:49.700Z
233,10,2025-02-02T23:34:14.605Z
233,8,2025-11-07T19:02:37.000Z
233,10,2025-06-25T12:53:03.365Z
233,8,2025-04-03T07:21:13.157Z
233,8,2025-01-17T20:43:30.093Z
233,8,2025-03-08T09:28:02.533Z
233,8,2025-02-20T14:22:33.292Z
233,8,2025-08-10T12:29:01.251Z
233,9,2025-07-13T14:17:47.735Z
233,8,2025-07-24T14:57:19.677Z
233,10,2025-03-10T16:55:34.643Z
233,8,2025-11-08T11:27:33.068Z
233,8,2025-10-26T16:54:52.286Z
233,9,2025-10-02T08:36:37.708Z
233,10,2025-01-18T23:35:23.289Z
233,10,2025-06-05T19:38:10.618Z
233,8,2025-05-15T20:25:16.769Z
233,10,2025-05-29T00:44:43.097Z
233,8,2025-01-12T10:08:15.158Z
233,10,2025-09-26T08:03:17.072Z
233,8,2025-05-14T10:20:49.681Z
233,8,2025-01-08T04:33:53.070Z
233,8,2025-09-26T10:12:30.495Z
233,8,2025-09-08T19:41:10.288Z
233,10,2025-11-29T00:04:28.193Z
233,9,2025-01-31T12:20:38.267Z
233,9,2025-05-04T04:46:28.285Z
233,8,2025-11-24T09:12:10.956Z
233,10,2025-08-12T13:18:26.685Z
233,9,2025-02-28T07:16:00.312Z
233,10,2025-11-13T18:19:11.691Z
233,10,2025-06-01T08:25:33.453Z
233,10,2025-02-26T18:39:50.708Z
233,10,2025-06-04T06:25:31.510Z
233,8,2025-03-16T01:15:18.495Z
233,8,2025-01-15T15:14:04.403Z
233,9,2025-03-28T21:44:13.138Z
233,9,2025-01-15T09:46:33.351Z
233,9,2025-06-08T23:11:24.551Z
233,8,2025-09-13T17:32:58.608Z
233,10,2025-01-28T19:37:31.696Z
233,10,2025-07-08T15:15:32.653Z
233,8,2025-09-02T17:01:00.724Z
233,9,2025-02-21T14:27:47.552Z
233,8,2025-09-25T14:37:11.480Z
233,9,2025-07-03T19:18:14.287Z
233,10,2025-08-29T11:41:34.769Z
233,9,2025-07-05T23:07:33.833Z
233,8,2025-01-09T19:12:33.792Z
233,9,2025-06-23T16:23:24.793Z
233,10,2025-07-06T08:33:21.993Z
233,9,2025-03-18T10:03:10.152Z
233,9,2025-02-27T13:44:39.870Z
233,8,2025-01-06T08:31:30.987Z
233,9,2025-10-26T10:24:30.595Z
233,10,2025-03-27T02:20:13.885Z
233,10,2025-03-09T10:13:25.960Z
233,9,2025-06-03T07:41:14.069Z
233,10,2025-02-19T12:40:40.101Z
233,10,2025-06-16T15:30:14.296Z
233,8,2025-06-03T14:42:46.315Z
233,8,2025-09-03T19:43:01.361Z
233,10,2025-09-01T12:35:21.600Z
233,9,2025-02-05T13:40:50.864Z
233,8,2025-01-20T20:38:45.326Z
228,9,2025-02-14T07:26:16.069Z
228,10,2025-07-19T06:17:15.777Z
228,8,2025-05-22T18:36:26.363Z
228,10,2025-01-21T02:23:20.871Z
228,9,2025-10-14T18:44:35.772Z
228,8,2025-10-24T15:59:08.126Z
228,9,2025-05-13T17:07:32.291Z
228,8,2025-01-27T01:39:52.473Z
228,9,2025-08-19T01:29:29.314Z
228,9,2025-08-04T12:18:39.822Z
228,8,2025-03-18T04:42:16.247Z
228,9,2025-04-16T03:52:50.112Z
228,10,2025-11-20T11:52:11.060Z
228,9,2025-10-31T01:57:08.879Z
228,9,2025-01-17T17:21:32.681Z
228,10,2025-06-06T11:16:55.234Z
228,10,2025-06-19T16:41:01.591Z
228,10,2025-09-03T04:55:55.640Z
228,8,2025-07-30T09:44:22.077Z
228,8,2025-07-15T11:11:17.583Z
228,10,2025-04-17T16:06:14.448Z
228,8,2025-10-31T00:50:31.049Z
228,9,2025-11-02T22:47:01.894Z
228,10,2025-09-24T21:06:44.111Z
228,8,2025-01-28T14:20:16.087Z
228,10,2025-06-25T02:41:52.233Z
228,10,2025-03-03T01:06:46.700Z
228,8,2025-04-26T20:44:22.963Z
228,10,2025-07-29T12:56:29.749Z
228,8,2025-09-14T20:25:27.133Z
228,10,2025-04-11T22:28:25.300Z
228,8,2025-05-09T16:37:21.876Z
228,8,2025-02-05T11:32:34.497Z
228,10,2025-04-19T16:08:17.378Z
228,9,2025-08-06T15:44:18.090Z
228,10,2025-10-05T09:44:00.231Z
228,9,2025-07-09T16:39:59.959Z
228,8,2025-04-14T12:45:55.226Z
228,10,2025-01-14T05:33:40.701Z
228,9,2025-09-26T02:52:06.496Z
228,10,2025-09-03T04:00:52.534Z
228,9,2025-06-25T17:28:33.281Z
228,8,2025-11-24T11:30:23.057Z
228,8,2025-02-28T07:43:04.299Z
228,8,2025-08-22T07:37:05.105Z
228,10,2025-11-02T06:01:01.300Z
228,9,2025-07-17T06:48:05.638Z
228,9,2025-12-03T14:21:10.850Z
228,9,2025-01-31T16:33:07.663Z
228,9,2025-03-05T00:23:51.862Z
228,10,2025-11-06T16:40:06.360Z
227,10,2025-07-02T18:53:31.224Z
227,10,2025-07-04T17:54:00.901Z
227,9,2025-05-07T03:01:09.101Z
227,8,2025-09-09T22:40:36.534Z
227,9,2025-07-14T10:19:55.131Z
227,9,2025-11-19T09:25:50.779Z
227,10,2025-06-19T21:05:13.878Z
227,8,2025-11-08T00:01:57.254Z
227,10,2025-02-13T07:02:32.878Z
227,8,2025-03-29T10:00:56.887Z
227,8,2025-05-03T01:03:26.523Z
227,10,2025-01-01T11:03:32.879Z
227,10,2025-02-07T05:24:20.111Z
227,10,2025-09-19T10:30:39.699Z
227,8,2025-09-17T16:25:54.928Z
227,9,2025-01-03T10:41:51.459Z
227,9,2025-01-22T00:19:06.308Z
227,9,2025-01-20T14:32:31.453Z
227,10,2025-05-15T18:12:04.487Z
227,9,2025-02-19T17:23:13.488Z
227,10,2025-01-08T20:09:55.945Z
227,9,2025-02-15T03:42:42.683Z
227,9,2025-07-25T13:10:14.338Z
227,8,2025-10-25T03:45:00.191Z
227,8,2025-02-11T04:33:18.068Z
227,10,2025-09-18T20:15:49.316Z
227,8,2025-08-29T22:32:47.857Z
227,8,2025-07-22T04:35:07.254Z
227,8,2025-10-01T11:33:15.352Z
227,9,2025-01-13T20:56:56.398Z
227,9,2025-05-18T14:52:03.053Z
227,8,2025-08-24T15:17:12.699Z
227,10,2025-07-31T14:13:35.611Z
227,10,2025-02-11T02:03:48.689Z
227,9,2025-03-08T18:41:51.868Z
227,9,2025-07-01T05:20:55.663Z
227,9,2025-04-25T01:11:00.429Z
227,8,2025-01-24T22:27:22.493Z
227,8,2025-04-23T17:29:42.549Z
227,8,2025-05-04T09:39:08.297Z
227,8,2025-01-26T12:35:56.615Z
227,8,2025-04-05T09:47:25.193Z
227,9,2025-10-25T05:24:23.775Z
227,10,2025-04-04T22:28:56.577Z
227,9,2025-11-01T11:01:58.379Z
227,8,2025-09-12T08:07:48.049Z
227,8,2025-07-05T05:55:09.264Z
227,8,2025-03-17T00:41:59.915Z
227,9,2025-08-02T17:04:25.679Z
227,8,2025-03-24T10:00:35.025Z
227,9,2025-12-02T14:40:22.487Z
227,10,2025-03-27T20:55:52.370Z
227,9,2025-05-29T09:58:03.526Z
227,10,2025-03-30T15:43:55.954Z
227,9,2025-11-24T06:14:17.734Z
227,10,2025-11-19T14:25:54.216Z
227,10,2025-08-19T04:15:49.806Z
227,9,2025-06-22T23:19:13.517Z
227,9,2025-09-29T23:35:13.935Z
227,8,2025-02-19T14:55:39.214Z
227,10,2025-04-20T12:32:11.888Z
227,10,2025-04-28T10:45:33.042Z
227,8,2025-09-06T21:39:16.785Z
227,8,2025-04-16T00:45:17.592Z
227,10,2025-11-10T18:46:20.222Z
227,9,2025-04-23T03:41:30.282Z
227,8,2025-07-24T05:33:58.462Z
227,10,2025-03-15T01:43:56.632Z
227,8,2025-11-25T11:57:35.755Z
227,8,2025-06-08T15:23:00.371Z
227,10,2025-04-26T03:57:56.203Z
227,9,2025-08-28T04:09:54.205Z
227,8,2025-08-16T04:20:58.220Z
227,8,2025-08-07T09:53:26.176Z
227,8,2025-08-18T08:23:38.777Z
227,8,2025-11-10T01:32:27.906Z
227,10,2025-03-04T05:03:19.641Z
227,9,2025-04-01T18:22:21.887Z
227,9,2025-03-23T23:20:16.782Z
227,8,2025-11-23T22:53:01.184Z
227,9,2025-05-02T07:04:40.349Z
227,8,2025-04-27T06:56:02.933Z
227,10,2025-10-28T10:27:31.085Z
227,9,2025-08-09T13:41:05.016Z
227,9,2025-05-01T00:14:02.085Z
227,10,2025-10-13T13:36:57.130Z
227,10,2025-02-15T08:01:41.086Z
227,8,2025-11-14T10:48:43.280Z
227,10,2025-10-15T22:40:19.347Z
227,9,2025-02-27T09:50:59.320Z
227,9,2025-11-11T12:45:39.508Z
227,10,2025-04-13T16:12:31.046Z
227,10,2025-04-18T08:31:06.488Z
227,10,2025-03-22T15:49:48.635Z
227,8,2025-07-31T22:25:21.672Z
227,8,2025-08-07T01:35:34.921Z
227,9,2025-10-20T02:58:09.128Z
227,8,2025-10-26T14:52:30.562Z
227,8,2025-12-10T07:22:41.391Z
227,8,2025-06-16T20:39:56.723Z
227,9,2025-03-17T03:09:20.414Z
227,8,2025-09-08T07:51:35.610Z
227,8,2025-01-30T04:31:22.960Z
227,8,2025-11-09T19:00:56.628Z
227,10,2025-08-10T00:06:42.941Z
227,10,2025-01-30T13:43:08.703Z
227,9,2025-08-04T23:56:44.792Z
227,9,2025-08-31T05:29:33.231Z
227,8,2025-05-12T04:27:07.418Z
227,8,2025-08-04T22:10:41.270Z
227,8,2025-04-01T00:28:11.325Z
227,8,2025-05-20T00:45:21.859Z
227,10,2025-01-29T22:50:27.148Z
227,9,2025-07-04T17:38:23.032Z
227,10,2025-05-13T11:56:02.726Z
227,9,2025-10-02T08:09:48.941Z
227,10,2025-11-22T22:25:54.908Z
227,10,2025-06-25T00:45:56.198Z
227,10,2025-07-30T22:51:15.075Z
227,10,2025-05-23T19:31:15.156Z
227,8,2025-09-02T03:39:46.971Z
227,10,2025-11-08T08:21:27.255Z
227,8,2025-08-14T19:13:12.284Z
227,10,2025-01-05T21:03:31.892Z
227,10,2025-10-30T13:04:27.018Z
227,9,2025-07-28T00:50:40.718Z
227,8,2025-09-25T17:48:56.126Z
227,8,2025-03-21T12:47:10.680Z
227,10,2025-09-01T08:34:39.285Z
227,8,2025-01-19T21:01:26.015Z
227,10,2025-05-17T20:54:41.810Z
227,10,2025-10-19T05:27:29.230Z
227,8,2025-09-02T05:05:53.366Z
227,10,2025-09-18T03:13:02.679Z
227,8,2025-02-21T10:34:18.954Z
227,8,2025-08-11T07:40:32.509Z
227,9,2025-06-12T20:56:38.508Z
227,8,2025-03-05T02:37:04.607Z
227,8,2025-05-28T07:02:52.993Z
227,9,2025-06-09T13:22:05.070Z
227,10,2025-09-21T07:51:08.426Z
227,8,2025-07-05T13:26:14.910Z
227,8,2025-06-14T04:55:10.875Z
227,10,2025-02-08T06:53:17.870Z
227,10,2025-09-24T09:07:04.383Z
227,9,2025-04-08T09:57:33.947Z
227,8,2025-10-15T21:55:33.311Z
227,8,2025-07-05T05:57:23.667Z
227,9,2025-12-03T01:21:18.549Z
227,9,2025-10-27T20:29:32.582Z
227,8,2025-11-06T22:19:09.474Z
227,8,2025-01-22T21:34:18.320Z
227,8,2025-08-22T12:31:02.828Z
227,10,2025-04-13T04:09:39.480Z
227,10,2025-10-14T23:10:31.491Z
227,8,2025-08-10T23:15:34.474Z
227,10,2025-05-20T14:27:34.855Z
227,9,2025-07-01T19:14:44.907Z
227,10,2025-07-15T21:20:01.028Z
227,8,2025-11-22T03:54:12.605Z
227,8,2025-05-01T03:12:34.110Z
227,10,2025-05-01T11:29:01.849Z
227,8,2025-02-28T10:08:24.182Z
227,8,2025-01-31T23:52:10.170Z
227,10,2025-11-06T00:41:30.135Z
227,8,2025-06-30T04:42:22.026Z
227,10,2025-10-08T16:29:22.790Z
227,9,2025-06-14T09:42:37.348Z
227,9,2025-10-08T22:21:59.287Z
227,8,2025-11-18T21:06:56.602Z
227,8,2025-03-07T12:46:52.873Z
227,8,2025-06-21T09:51:40.878Z
227,8,2025-04-03T03:36:32.060Z
227,9,2025-11-26T14:46:35.065Z
227,10,2025-05-24T22:55:19.865Z
227,9,2025-01-14T19:45:12.194Z
227,9,2025-06-12T10:45:56.891Z
227,8,2025-05-15T04:09:01.342Z
227,9,2025-06-06T14:37:07.083Z
227,8,2025-07-12T19:15:36.939Z
1,8,2025-10-23T01:37:10.672Z
1,10,2025-08-18T14:41:37.634Z
1,9,2025-05-01T21:32:27.266Z
1,9,2025-08-11T00:39:41.822Z
1,10,2025-10-13T01:04:04.864Z
1,10,2025-09-01T11:18:11.146Z
1,8,2025-07-08T16:33:22.122Z
1,10,2025-12-01T04:53:27.284Z
1,10,2025-10-07T02:13:14.841Z
1,9,2025-03-05T17:51:22.195Z
1,9,2025-03-01T15:10:38.920Z
1,8,2025-01-28T00:24:30.976Z
1,9,2025-05-07T05:06:28.613Z
1,10,2025-05-22T13:42:37.693Z
1,8,2025-09-30T03:53:57.508Z
1,10,2025-08-07T02:27:58.146Z
1,9,2025-08-02T07:34:50.144Z
1,10,2025-07-22T01:15:52.832Z
1,9,2025-10-21T11:25:53.591Z
1,10,2025-08-10T10:15:20.673Z
1,10,2025-11-02T17:41:43.929Z
1,9,2025-05-20T22:47:19.904Z
1,8,2025-05-28T14:08:12.865Z
1,8,2025-09-13T06:45:52.773Z
1,9,2025-03-22T13:08:29.698Z
1,9,2025-12-09T12:35:07.312Z
1,10,2025-09-05T12:53:35.282Z
1,9,2025-02-25T18:32:39.402Z
1,9,2025-03-24T13:49:32.018Z
1,8,2025-12-05T09:16:07.108Z
1,9,2025-09-09T00:40:42.031Z
1,9,2025-10-20T06:21:00.658Z
1,10,2025-09-25T13:52:42.937Z
1,9,2025-01-14T11:56:26.192Z
1,9,2025-06-08T02:23:48.745Z
1,8,2025-08-13T09:08:27.160Z
1,9,2025-04-07T05:38:41.702Z
1,10,2025-06-24T11:42:15.459Z
1,8,2025-04-29T12:28:37.212Z
1,10,2025-02-08T01:39:58.397Z
1,9,2025-02-11T16:54:52.924Z
1,8,2025-09-29T21:09:37.961Z
1,10,2025-08-31T00:24:42.794Z
1,10,2025-10-27T09:32:49.920Z
1,9,2025-09-20T04:00:44.264Z
1,10,2025-04-15T07:28:35.634Z
1,8,2025-07-26T17:14:53.687Z
1,10,2025-04-15T20:45:33.707Z
1,9,2025-09-25T07:05:40.693Z
1,8,2025-03-10T22:32:46.855Z
1,8,2025-06-18T18:07:16.649Z
1,9,2025-11-08T01:56:02.492Z
1,10,2025-08-29T09:58:11.398Z
1,9,2025-07-05T08:19:02.213Z
1,8,2025-10-10T17:20:42.698Z
1,10,2025-01-01T16:22:31.883Z
1,9,2025-10-18T02:12:35.919Z
1,8,2025-03-01T22:29:15.532Z
1,8,2025-02-19T14:46:50.826Z
1,10,2025-02-03T17:26:08.791Z
1,8,2025-01-27T08:00:13.624Z
1,8,2025-09-06T12:05:06.912Z
1,10,2025-06-11T18:51:28.652Z
1,9,2025-07-14T07:16:04.583Z
1,8,2025-04-22T15:47:11.971Z
1,9,2025-08-08T01:04:22.310Z
1,10,2025-04-09T09:13:55.815Z
1,8,2025-07-26T01:51:16.540Z
1,9,2025-05-06T04:04:29.423Z
2,10,2025-01-30T22:16:53.985Z
1,8,2025-11-25T13:24:23.761Z
1,10,2025-08-02T11:07:40.726Z
1,8,2025-12-07T05:52:51.291Z
1,8,2025-06-15T15:31:42.038Z
1,8,2025-05-28T12:41:25.632Z
1,9,2025-05-14T00:26:52.545Z
1,10,2025-03-05T13:27:13.599Z
1,8,2025-07-27T15:29:11.839Z
1,10,2025-01-17T19:35:47.587Z
1,10,2025-11-01T05:12:22.414Z
1,9,2025-04-09T13:22:51.617Z
1,9,2025-07-29T04:45:56.535Z
1,8,2025-08-15T07:29:56.064Z
1,9,2025-12-03T18:28:57.126Z
1,9,2025-10-25T19:59:26.249Z
2,10,2025-02-02T08:43:36.112Z
1,10,2025-04-01T07:28:33.031Z
1,10,2025-03-24T06:30:54.507Z
1,8,2025-04-04T14:36:15.174Z
1,9,2025-09-22T17:54:42.256Z
1,10,2025-02-12T06:33:57.204Z
1,8,2025-07-28T12:28:06.898Z
1,8,2025-10-01T23:44:48.264Z
1,10,2025-11-19T23:35:01.391Z
1,10,2025-10-14T10:16:16.716Z
1,9,2025-09-28T01:28:31.640Z
2,10,2025-02-16T05:34:37.627Z
2,9,2025-10-10T13:44:14.380Z
2,10,2025-02-10T01:26:54.381Z
2,10,2025-02-26T10:44:46.308Z
2,9,2025-08-31T01:47:54.452Z
2,10,2025-02-07T23:01:11.526Z
2,9,2025-08-07T01:11:14.432Z
2,10,2025-06-28T18:19:25.200Z
2,10,2025-01-05T02:53:12.164Z
2,8,2025-06-22T00:18:20.436Z
2,9,2025-07-30T11:23:34.539Z
2,10,2025-08-16T03:56:33.410Z
2,10,2025-10-19T23:02:12.080Z
2,8,2025-04-19T23:08:39.070Z
2,8,2025-07-30T17:42:37.390Z
2,10,2025-03-31T13:29:25.003Z
2,10,2025-06-27T07:23:21.399Z
2,8,2025-09-23T11:41:06.229Z
2,10,2025-07-23T06:37:15.105Z
2,10,2025-02-05T00:50:52.039Z
2,9,2025-03-28T23:13:14.230Z
2,8,2025-04-26T13:44:03.220Z
2,8,2025-11-17T00:18:17.809Z
2,8,2025-03-21T06:08:48.582Z
2,8,2025-10-24T13:58:26.698Z
2,8,2025-03-05T10:39:38.388Z
2,9,2025-01-11T10:34:37.273Z
2,8,2025-07-25T11:32:07.321Z
2,9,2025-03-02T23:33:11.391Z
2,10,2025-11-11T19:33:33.902Z
2,9,2025-10-30T00:55:10.974Z
2,9,2025-03-03T22:09:04.393Z
2,9,2025-01-09T06:14:45.704Z
2,9,2025-09-28T21:21:24.789Z
2,10,2025-10-04T13:08:02.488Z
2,8,2025-12-07T23:40:52.189Z
2,9,2025-02-20T22:37:07.758Z
2,9,2025-06-17T02:33:24.389Z
2,10,2025-02-26T07:44:20.070Z
2,10,2025-03-24T22:57:19.006Z
2,9,2025-06-09T09:16:11.269Z
2,8,2025-04-09T04:58:40.780Z
2,10,2025-11-08T21:57:54.759Z
2,10,2025-11-27T01:01:53.479Z
2,8,2025-05-29T03:03:23.137Z
2,9,2025-03-30T09:12:49.594Z
2,9,2025-10-09T22:51:01.010Z
2,10,2025-07-13T21:49:47.759Z
2,10,2025-02-06T22:05:15.947Z
2,8,2025-05-20T20:31:11.850Z
2,9,2025-07-12T09:39:55.126Z
2,10,2025-11-06T11:09:22.106Z
2,8,2025-06-13T11:28:56.994Z
2,10,2025-02-25T14:21:07.643Z
2,8,2025-06-07T10:33:50.650Z
2,10,2025-05-28T00:39:27.809Z
2,10,2025-10-03T21:42:59.038Z
2,8,2025-10-14T07:33:26.531Z
2,8,2025-07-21T15:18:54.617Z
2,9,2025-01-21T20:34:45.752Z
2,10,2025-08-30T09:51:27.470Z
2,8,2025-04-22T16:19:55.205Z
2,10,2025-03-12T19:14:16.331Z
2,9,2025-04-07T01:42:38.835Z
2,8,2025-04-22T00:39:05.216Z
2,9,2025-02-22T18:07:57.884Z
2,10,2025-05-21T07:15:15.054Z
2,8,2025-07-07T17:07:58.574Z
2,10,2025-10-29T13:41:57.347Z
2,10,2025-11-17T19:09:49.977Z
2,9,2025-07-01T20:05:37.092Z
2,10,2025-07-13T05:20:23.724Z
2,8,2025-07-18T01:48:40.871Z
2,8,2025-02-07T14:41:40.785Z
2,9,2025-12-07T18:21:20.731Z
2,9,2025-04-16T20:07:39.510Z
2,10,2025-03-17T18:39:08.485Z
2,8,2025-12-01T11:40:38.603Z
2,10,2025-05-01T05:34:32.947Z
2,8,2025-10-05T17:37:01.679Z
2,10,2025-01-28T03:34:33.899Z
2,8,2025-02-17T07:27:48.963Z
2,8,2025-05-19T11:53:36.402Z
2,8,2025-01-12T05:19:30.287Z
2,10,2025-05-12T19:33:11.472Z
2,10,2025-04-13T15:57:17.611Z
2,8,2025-05-25T05:16:25.489Z
2,8,2025-04-22T02:50:50.729Z
2,10,2025-11-02T11:09:58.515Z
3,8,2025-08-07T02:06:44.301Z
2,9,2025-02-01T19:18:46.307Z
2,8,2025-05-09T06:24:07.052Z
2,10,2025-03-08T05:54:15.050Z
2,9,2025-02-13T14:07:54.326Z
2,8,2025-08-16T01:57:09.372Z
2,9,2025-05-07T07:37:49.343Z
2,8,2025-07-11T06:18:07.897Z
2,10,2025-04-22T01:20:03.444Z
2,10,2025-11-22T03:28:51.337Z
2,10,2025-04-11T17:55:10.830Z
2,8,2025-09-21T08:07:47.213Z
2,10,2025-07-18T06:01:20.132Z
2,10,2025-08-06T00:43:24.137Z
2,8,2025-03-13T04:20:27.732Z
2,10,2025-07-24T19:28:52.366Z
2,10,2025-01-09T14:34:06.634Z
2,10,2025-02-17T03:19:34.433Z
2,9,2025-02-26T23:51:39.988Z
2,9,2025-01-13T09:03:47.153Z
2,10,2025-11-13T10:53:10.600Z
2,8,2025-10-24T00:46:05.452Z
2,10,2025-07-15T10:27:25.748Z
2,8,2025-08-19T11:56:06.557Z
2,8,2025-07-31T20:20:09.445Z
2,9,2025-09-16T15:17:09.476Z
3,10,2025-05-28T12:02:04.383Z
3,9,2025-11-25T00:34:31.152Z
3,8,2025-04-29T11:53:18.600Z
3,9,2025-10-15T18:42:55.948Z
3,9,2025-04-24T11:30:57.009Z
3,8,2025-09-06T01:56:24.298Z
3,8,2025-10-08T05:30:57.496Z
3,10,2025-08-10T20:06:55.809Z
3,9,2025-01-25T06:56:29.254Z
3,9,2025-01-06T14:29:26.928Z
3,10,2025-04-11T19:06:55.974Z
3,8,2025-10-13T06:29:34.120Z
3,8,2025-10-08T22:29:33.762Z
3,9,2025-08-06T04:32:15.702Z
3,10,2025-04-03T19:20:51.818Z
3,10,2025-06-05T00:59:50.152Z
3,9,2025-01-15T09:23:23.014Z
3,9,2025-06-26T03:12:15.638Z
3,9,2025-05-07T22:20:21.671Z
3,9,2025-11-21T17:43:36.664Z
3,8,2025-08-24T03:19:43.653Z
3,10,2025-02-10T01:11:25.882Z
3,9,2025-12-03T04:23:16.142Z
3,8,2025-08-23T13:17:51.056Z
3,8,2025-01-19T04:33:24.499Z
3,8,2025-08-23T00:03:04.184Z
3,9,2025-06-15T11:56:42.479Z
3,8,2025-10-14T09:45:39.680Z
3,8,2025-01-14T11:28:30.270Z
3,10,2025-11-02T07:55:09.719Z
3,9,2025-08-26T10:09:25.100Z
3,8,2025-07-12T01:49:11.092Z
3,9,2025-08-31T05:12:13.510Z
3,9,2025-03-07T23:50:53.004Z
3,10,2025-08-12T00:00:08.584Z
3,8,2025-06-01T10:12:13.714Z
3,9,2025-03-23T23:40:51.333Z
3,9,2025-06-13T00:55:39.953Z
3,8,2025-04-19T21:59:04.236Z
3,10,2025-08-24T01:14:18.622Z
3,8,2025-09-01T10:33:26.340Z
3,10,2025-02-17T17:16:16.748Z
3,10,2025-01-20T07:45:26.621Z
3,10,2025-12-07T23:19:17.280Z
3,10,2025-10-16T19:26:02.835Z
3,9,2025-09-22T22:01:21.176Z
3,8,2025-05-08T04:15:02.235Z
3,8,2025-02-10T11:05:59.532Z
3,9,2025-05-25T23:53:02.038Z
3,8,2025-11-26T06:09:14.310Z
3,8,2025-10-04T05:34:28.140Z
3,8,2025-01-02T07:55:06.681Z
3,10,2025-07-09T09:36:14.915Z
3,10,2025-03-13T09:23:02.084Z
3,9,2025-09-23T20:03:01.476Z
3,9,2025-05-01T01:22:42.842Z
3,10,2025-08-30T18:13:02.434Z
3,9,2025-08-14T23:23:47.459Z
3,10,2025-06-29T14:50:31.513Z
3,8,2025-09-24T10:10:45.397Z
3,9,2025-02-21T21:06:56.181Z
3,9,2025-02-20T05:03:59.830Z
3,8,2025-03-04T00:40:44.516Z
3,10,2025-09-19T21:13:13.113Z
3,10,2025-02-24T10:21:06.530Z
3,8,2025-01-16T00:04:43.249Z
3,8,2025-12-03T07:41:07.329Z
3,9,2025-03-05T19:25:57.796Z
3,9,2025-05-07T03:29:08.342Z
3,9,2025-02-14T19:23:47.256Z
3,9,2025-09-18T19:46:49.439Z
3,8,2025-08-31T19:34:19.299Z
3,8,2025-01-11T19:37:03.250Z
3,8,2025-07-03T20:02:16.361Z
3,10,2025-07-21T17:06:55.907Z
3,10,2025-06-24T03:27:28.459Z
3,10,2025-05-16T10:20:24.994Z
3,10,2025-03-05T22:56:18.646Z
3,8,2025-09-25T02:37:42.055Z
3,8,2025-07-13T10:58:33.096Z
3,8,2025-07-10T22:45:15.409Z
3,9,2025-07-31T13:15:22.965Z
3,8,2025-03-06T16:30:04.424Z
3,8,2025-06-25T05:33:30.614Z
3,10,2025-04-30T12:50:53.336Z
3,8,2025-03-17T09:36:32.743Z
3,10,2025-01-14T09:47:56.651Z
3,10,2025-05-27T21:21:53.192Z
3,9,2025-07-23T23:11:39.119Z
3,8,2025-07-13T20:45:42.060Z
3,8,2025-11-17T17:58:17.001Z
3,10,2025-04-09T17:50:17.292Z
3,8,2025-06-18T02:24:08.070Z
3,10,2025-03-21T17:25:10.347Z
3,9,2025-09-28T04:09:04.021Z
3,9,2025-09-21T11:14:32.548Z
3,9,2025-12-03T01:25:47.063Z
3,10,2025-03-21T23:41:02.127Z
3,10,2025-05-12T20:58:41.278Z
3,9,2025-11-30T15:16:12.643Z
3,10,2025-02-26T20:18:26.821Z
3,8,2025-10-05T12:24:20.277Z
3,10,2025-06-05T05:05:47.329Z
3,9,2025-07-01T14:27:55.334Z
3,10,2025-06-08T13:33:19.911Z
3,10,2025-02-16T21:39:30.178Z
3,8,2025-05-08T03:41:18.569Z
3,8,2025-04-12T06:30:39.900Z
3,10,2025-02-16T17:02:04.638Z
3,8,2025-04-30T04:03:45.912Z
3,10,2025-09-28T11:54:15.745Z
3,8,2025-03-28T06:08:59.610Z
3,9,2025-11-12T13:13:18.327Z
3,8,2025-01-11T19:28:36.848Z
3,8,2025-06-08T18:52:38.522Z
3,9,2025-05-01T09:43:56.091Z
3,9,2025-05-31T14:24:15.223Z
3,8,2025-05-15T08:02:19.074Z
3,9,2025-07-09T06:34:32.775Z
3,9,2025-11-07T15:43:43.830Z
3,9,2025-11-23T17:03:41.520Z
3,10,2025-06-12T13:34:21.858Z
3,10,2025-09-28T23:15:04.575Z
3,9,2025-07-31T19:54:21.960Z
3,9,2025-08-15T21:33:33.168Z
3,8,2025-08-29T11:36:21.178Z
3,10,2025-03-20T04:25:06.035Z
3,9,2025-08-11T10:15:00.564Z
3,9,2025-09-16T07:29:23.749Z
3,9,2025-07-31T13:42:29.118Z
3,10,2025-05-16T12:36:42.700Z
3,10,2025-06-14T04:39:47.296Z
3,8,2025-07-27T03:37:28.831Z
3,9,2025-01-06T21:48:12.941Z
3,9,2025-04-30T22:11:28.362Z
3,8,2025-10-16T21:09:39.908Z
3,10,2025-08-19T11:54:28.663Z