id,tenant_id,client_id,name,email,phone,created_at
3e075676-0f2e-4832-8147-ef1559236359,1,1,Customer 1,customer1@example.com,5511999991001,2025-12-09T03:18:14.418Z
54db49cf-1b3b-4ff4-91f7-fcd53f400d33,1,1,Customer 2,customer2@example.com,5511999991002,2025-12-09T03:18:14.419Z
80ba82c2-eb7b-4cdd-93be-3376ddcf5269,1,1,Customer 3,customer3@example.com,5511999991003,2025-12-09T03:18:14.419Z
884b8639-90c2-49ae-ae8b-cb620b6f5a71,1,1,Customer 4,customer4@example.com,5511999991004,2025-12-09T03:18:14.419Z
d6e11ac2-779c-4126-aa95-16e29250dc7d,1,1,Customer 5,customer5@example.com,5511999991005,2025-12-09T03:18:14.419Z
b3d29ee2-55f5-44a0-ab8f-03ce239b6de8,1,1,Customer 6,customer6@example.com,5511999991006,2025-12-09T03:18:14.419Z
516ff421-260e-41da-a050-2e1be4aedeb3,1,1,Customer 7,customer7@example.com,5511999991007,2025-12-09T03:18:14.419Z
2e12a9d2-bfd3-480d-985e-12b55aeec76b,1,1,Customer 8,customer8@example.com,5511999991008,2025-12-09T03:18:14.419Z
c22a19e5-cf28-41cc-85e1-458820570296,1,1,Customer 9,customer9@example.com,5511999991009,2025-12-09T03:18:14.419Z
54d41b73-d660-492e-b4cf-cf496bbfad37,1,1,Customer 10,customer10@example.com,5511999991010,2025-12-09T03:18:14.419Z
9f2061d5-7a7f-4453-b964-8e5c57933c2d,1,1,Customer 11,customer11@example.com,5511999991011,2025-12-09T03:18:14.419Z
7a5b592a-e9a5-4e97-b33a-fe16a28424cb,1,1,Customer 12,customer12@example.com,5511999991012,2025-12-09T03:18:14.419Z
33914c37-501d-4a09-a54f-3ba44bc5bcdd,1,1,Customer 13,customer13@example.com,5511999991013,2025-12-09T03:18:14.419Z
14aa9d64-4747-4e78-a223-8cb1f3515689,1,1,Customer 14,customer14@example.com,5511999991014,2025-12-09T03:18:14.419Z
29074982-3e38-4fc6-af9b-5699c2f96ea3,1,1,Customer 15,customer15@example.com,5511999991015,2025-12-09T03:18:14.419Z
8a395fc0-59a2-4162-a0a0-4078db751795,1,1,Customer 16,customer16@example.com,5511999991016,2025-12-09T03:18:14.419Z
87336be2-d2b2-4378-99db-9dc582fcffa0,1,1,Customer 17,customer17@example.com,5511999991017,2025-12-09T03:18:14.419Z
832568ce-a514-42c6-8738-902b4fb503e4,1,1,Customer 18,customer18@example.com,5511999991018,2025-12-09T03:18:14.420Z
c17b57cc-8733-4eed-a741-43175af7927b,1,1,Customer 19,customer19@example.com,5511999991019,2025-12-09T03:18:14.420Z
32851974-e036-49e9-8429-756d1ba0c0cd,1,1,Customer 20,customer20@example.com,5511999991020,2025-12-09T03:18:14.420Z
d7479625-42a5-4c3c-ade9-38d191b66f56,1,1,Customer 21,customer21@example.com,5511999991021,2025-12-09T03:18:14.420Z
0e6d6dce-ac4f-47dd-a07a-ea09fbace17c,1,1,Customer 22,customer22@example.com,5511999991022,2025-12-09T03:18:14.420Z
24620abe-3f3c-46d3-a92a-8a3524ba138d,1,1,Customer 23,customer23@example.com,5511999991023,2025-12-09T03:18:14.420Z
144b0d67-e7b4-4929-9d7f-9a8b63b37238,1,1,Customer 24,customer24@example.com,5511999991024,2025-12-09T03:18:14.420Z
90b01a6d-eada-43fe-b353-2978a33fa488,1,1,Customer 25,customer25@example.com,5511999991025,2025-12-09T03:18:14.420Z
ec360aad-749d-4dd2-8123-c5cb8a3d4a87,1,1,Customer 26,customer26@example.com,5511999991026,2025-12-09T03:18:14.420Z
cec95630-1613-4890-a3b7-9abba2f2dfc2,1,1,Customer 27,customer27@example.com,5511999991027,2025-12-09T03:18:14.420Z
eacb8e92-75e6-4f07-bc02-d725844d8f8b,1,1,Customer 28,customer28@example.com,5511999991028,2025-12-09T03:18:14.420Z
08f25b32-b445-443e-bd23-2236318d2dfc,1,1,Customer 29,customer29@example.com,5511999991029,2025-12-09T03:18:14.420Z
dde9ce44-9dca-4542-83f4-03094581a91f,1,1,Customer 30,customer30@example.com,5511999991030,2025-12-09T03:18:14.420Z
097300c8-7673-4a8c-a0e1-3f8c41003f32,1,1,Customer 31,customer31@example.com,5511999991031,2025-12-09T03:18:14.420Z
ccc0be4e-a2a2-4ab9-b186-6e8fa8fd1d11,1,1,Customer 32,customer32@example.com,5511999991032,2025-12-09T03:18:14.420Z
51da34c7-8209-43ff-b7ea-9fdbc48920ee,1,1,Customer 33,customer33@example.com,5511999991033,2025-12-09T03:18:14.420Z
ba221445-55eb-4bac-bf1e-c71052de3200,1,1,Customer 34,customer34@example.com,5511999991034,2025-12-09T03:18:14.420Z
45f07459-0466-4809-926e-baf021fab968,1,1,Customer 35,customer35@example.com,5511999991035,2025-12-09T03:18:14.420Z
a50fdb57-1f12-4e2f-9607-5ad1ab7d863e,1,1,Customer 36,customer36@example.com,5511999991036,2025-12-09T03:18:14.420Z
7bca7a53-fb83-4721-ab8c-2627918e160b,1,1,Customer 37,customer37@example.com,5511999991037,2025-12-09T03:18:14.420Z
65d97e34-827a-46b8-b112-56bcfb8e8232,1,2,Customer 38,customer38@example.com,5511999991038,2025-12-09T03:18:14.420Z
d889e273-bb8f-4db4-b5e8-6a204c974ab7,1,2,Customer 39,customer39@example.com,5511999991039,2025-12-09T03:18:14.420Z
74890941-9d99-4813-b1c3-8c060b92bd28,1,2,Customer 40,customer40@example.com,5511999991040,2025-12-09T03:18:14.420Z
2ac66eea-a126-448a-a7d7-fc5a6bf60a87,1,2,Customer 41,customer41@example.com,5511999991041,2025-12-09T03:18:14.420Z
48aea3bc-08e2-4854-80c5-f687d284f291,1,2,Customer 42,customer42@example.com,5511999991042,2025-12-09T03:18:14.420Z
5f855a1e-6aa0-4256-ba7d-fca631353a05,1,2,Customer 43,customer43@example.com,5511999991043,2025-12-09T03:18:14.420Z
90ff363a-2d86-40ed-83a2-db166bc8f72e,1,2,Customer 44,customer44@example.com,5511999991044,2025-12-09T03:18:14.421Z
4ec646de-f6d3-4367-9a5c-506037529d1b,1,2,Customer 45,customer45@example.com,5511999991045,2025-12-09T03:18:14.421Z
b9ed8078-c3fa-4296-8f81-e7c29e807306,1,2,Customer 46,customer46@example.com,5511999991046,2025-12-09T03:18:14.421Z
4e3f28f4-02bf-4fe3-b3aa-cf4ff7523599,1,2,Customer 47,customer47@example.com,5511999991047,2025-12-09T03:18:14.421Z
71af9131-acde-4a44-b760-65c909837963,1,2,Customer 48,customer48@example.com,5511999991048,2025-12-09T03:18:14.421Z
eb62beb7-38fc-4ec7-b7fd-eba476ab6d26,1,2,Customer 49,customer49@example.com,5511999991049,2025-12-09T03:18:14.421Z
8b741906-ec90-441e-b8f2-7bcce0ca5df6,1,2,Customer 50,customer50@example.com,5511999991050,2025-12-09T03:18:14.421Z
f8f7e5c0-7841-48d7-a6b3-e784e5794cf0,1,2,Customer 51,customer51@example.com,5511999991051,2025-12-09T03:18:14.421Z
2ad08271-c935-4d9d-be2a-ef1d210a44c3,1,2,Customer 52,customer52@example.com,5511999991052,2025-12-09T03:18:14.421Z
cfbfbf49-c73e-4c05-b037-0d89918760a1,1,2,Customer 53,customer53@example.com,5511999991053,2025-12-09T03:18:14.421Z
7548286d-d978-437b-aedf-59a443243179,1,2,Customer 54,customer54@example.com,5511999991054,2025-12-09T03:18:14.421Z
a84f87fd-d9f4-4d53-8b5d-4c6bcf3309f4,1,2,Customer 55,customer55@example.com,5511999991055,2025-12-09T03:18:14.421Z
ca8af896-51d3-4d63-b0a0-6cf7f88b54f1,1,2,Customer 56,customer56@example.com,5511999991056,2025-12-09T03:18:14.421Z
52266982-c47b-47b7-b07c-096c1024c9bc,1,2,Customer 57,customer57@example.com,5511999991057,2025-12-09T03:18:14.421Z
8b940164-7381-4989-beaa-ab92676e30c8,1,2,Customer 58,customer58@example.com,5511999991058,2025-12-09T03:18:14.421Z
eea14131-ed41-4b29-9cf6-68867c33744a,1,2,Customer 59,customer59@example.com,5511999991059,2025-12-09T03:18:14.421Z
09c09cfc-970f-4563-ad45-a1f5546a1dac,1,3,Customer 60,customer60@example.com,5511999991060,2025-12-09T03:18:14.421Z
4175b55f-5c36-4d3b-82c0-246830645432,1,3,Customer 61,customer61@example.com,5511999991061,2025-12-09T03:18:14.421Z
760386a8-da18-464d-aaf4-a05dae91a256,1,3,Customer 62,customer62@example.com,5511999991062,2025-12-09T03:18:14.421Z
c0f13169-c5be-47d5-be8c-542356205819,1,3,Customer 63,customer63@example.com,5511999991063,2025-12-09T03:18:14.421Z
5bec17fe-b6b6-4d67-86ee-af34bddb70b5,1,3,Customer 64,customer64@example.com,5511999991064,2025-12-09T03:18:14.422Z
d5ecb57a-230f-47df-9c4c-f4ca4666871e,1,3,Customer 65,customer65@example.com,5511999991065,2025-12-09T03:18:14.422Z
f8771338-2813-4150-9e4a-b5a612257477,1,3,Customer 66,customer66@example.com,5511999991066,2025-12-09T03:18:14.422Z
431a1e9b-de25-4ada-852c-4ae9fa8e0043,1,3,Customer 67,customer67@example.com,5511999991067,2025-12-09T03:18:14.422Z
c2ddf7de-26bf-4868-b70e-cc1fd08bc3a4,1,3,Customer 68,customer68@example.com,5511999991068,2025-12-09T03:18:14.422Z
0dcc1b7b-ecb6-42ff-b503-888f0d022866,1,3,Customer 69,customer69@example.com,5511999991069,2025-12-09T03:18:14.422Z
06c03012-3d92-446d-abd9-8f0b5321f2d3,1,3,Customer 70,customer70@example.com,5511999991070,2025-12-09T03:18:14.422Z
ad09c561-74d1-4de1-940d-81c408e6e408,1,3,Customer 71,customer71@example.com,5511999991071,2025-12-09T03:18:14.422Z
a45f7d88-d51f-456a-8187-9feb0619861f,1,3,Customer 72,customer72@example.com,5511999991072,2025-12-09T03:18:14.422Z
5e462283-5e9b-4a63-9748-c220c909ae96,1,3,Customer 73,customer73@example.com,5511999991073,2025-12-09T03:18:14.422Z
16b85298-4fbc-49a8-a6ad-9b15cbcae9e2,1,3,Customer 74,customer74@example.com,5511999991074,2025-12-09T03:18:14.422Z
e8ba8858-e34c-402f-8978-78a555cb08b0,1,3,Customer 75,customer75@example.com,5511999991075,2025-12-09T03:18:14.422Z
5c9c0cfb-f627-49d3-a360-7a8dfc5750f5,1,3,Customer 76,customer76@example.com,5511999991076,2025-12-09T03:18:14.422Z
08e8b5bd-9c67-42ba-93f9-1636ba71c957,1,3,Customer 77,customer77@example.com,5511999991077,2025-12-09T03:18:14.422Z
15febb94-86b4-47b5-9dbf-d4d961093de3,1,3,Customer 78,customer78@example.com,5511999991078,2025-12-09T03:18:14.422Z
aeec7e57-0a5c-49a2-8f47-dd00e27b29b9,1,3,Customer 79,customer79@example.com,5511999991079,2025-12-09T03:18:14.422Z
86ebd002-9fcd-4a81-bdfb-c0c47ebdc0ce,1,3,Customer 80,customer80@example.com,5511999991080,2025-12-09T03:18:14.422Z
a40db32b-d708-4631-9685-3b303a830059,1,3,Customer 81,customer81@example.com,5511999991081,2025-12-09T03:18:14.422Z
31456463-abaa-4efa-a53d-ea0f6c6922a8,1,3,Customer 82,customer82@example.com,5511999991082,2025-12-09T03:18:14.422Z
38a69f22-740f-472c-8e71-6e2dab015ca4,1,3,Customer 83,customer83@example.com,5511999991083,2025-12-09T03:18:14.422Z
bb9ba6e0-9ce7-4eaa-8aaa-0c3c482f93fb,1,3,Customer 84,customer84@example.com,5511999991084,2025-12-09T03:18:14.422Z
0446bba9-da3a-4b2c-86a9-9c54ac32e49c,1,3,Customer 85,customer85@example.com,5511999991085,2025-12-09T03:18:14.422Z
a987ac56-d0b1-4e6d-877a-5735df8ebce8,1,3,Customer 86,customer86@example.com,5511999991086,2025-12-09T03:18:14.422Z
717d5c8e-3675-4a7a-843f-5c3656d8aa58,1,3,Customer 87,customer87@example.com,5511999991087,2025-12-09T03:18:14.422Z
a0a240d1-0df1-4fc6-aadc-948a0d73d3c4,1,3,Customer 88,customer88@example.com,5511999991088,2025-12-09T03:18:14.422Z
68b5d2c7-6442-4a82-b451-a8c7f5b55b40,1,3,Customer 89,customer89@example.com,5511999991089,2025-12-09T03:18:14.422Z
01a37d61-b3f8-4bdb-a1ff-7abde63e035a,1,3,Customer 90,customer90@example.com,5511999991090,2025-12-09T03:18:14.422Z
fa6b22e3-565f-4211-a02b-e75486cb0ae1,1,3,Customer 91,customer91@example.com,5511999991091,2025-12-09T03:18:14.422Z
a7a47785-f78d-412f-867d-9442e48737a1,1,3,Customer 92,customer92@example.com,5511999991092,2025-12-09T03:18:14.422Z
6cf5f330-9f81-490d-a89e-a0fd2a3c7361,1,3,Customer 93,customer93@example.com,5511999991093,2025-12-09T03:18:14.422Z
ae019526-a4b7-4fd7-bf77-c93137492879,1,3,Customer 94,customer94@example.com,5511999991094,2025-12-09T03:18:14.422Z
af01658c-d149-4afd-8800-d3db6a784b63,1,3,Customer 95,customer95@example.com,5511999991095,2025-12-09T03:18:14.423Z
6ec361e8-cb0a-445c-9bdc-fd2f41e7288b,1,3,Customer 96,customer96@example.com,5511999991096,2025-12-09T03:18:14.423Z
28c2ac6c-8bb3-4cc7-821d-70dec63278d4,1,3,Customer 97,customer97@example.com,5511999991097,2025-12-09T03:18:14.423Z
1a56d121-dfe4-433c-86bb-f3fb70b0800b,1,3,Customer 98,customer98@example.com,5511999991098,2025-12-09T03:18:14.423Z
8a4a41f6-3f83-4fa1-98e1-d3b0d89bb75d,1,3,Customer 99,customer99@example.com,5511999991099,2025-12-09T03:18:14.423Z
f7e8485c-c20d-4a1c-a981-b41376596f97,1,3,Customer 100,customer100@example.com,5511999991100,2025-12-09T03:18:14.423Z
e577233c-e72d-43b2-9661-7a0e31d09cb4,1,226,Customer 101,customer101@example.com,5511999991101,2025-12-09T03:18:14.423Z
e310144d-9dd6-4f7f-b1b5-e8c3eff846ea,1,226,Customer 102,customer102@example.com,5511999991102,2025-12-09T03:18:14.423Z
e9f6327c-338c-4d23-ac73-d75e5974fe69,1,226,Customer 103,customer103@example.com,5511999991103,2025-12-09T03:18:14.423Z
35f88405-bcbb-4ed8-a811-e97cb4c62704,1,226,Customer 104,customer104@example.com,5511999991104,2025-12-09T03:18:14.423Z
7afe1073-aed0-4714-a930-8c54f78ee01e,1,226,Customer 105,customer105@example.com,5511999991105,2025-12-09T03:18:14.423Z
da6afd46-042e-49f2-918e-8011ff7bb3de,1,226,Customer 106,customer106@example.com,5511999991106,2025-12-09T03:18:14.423Z
d1330803-e812-4b3f-a05a-4178addef934,1,226,Customer 107,customer107@example.com,5511999991107,2025-12-09T03:18:14.423Z
eef853cd-4572-48ef-a7a6-c5aa0118da2a,1,226,Customer 108,customer108@example.com,5511999991108,2025-12-09T03:18:14.423Z
e73e151e-235a-46ba-85b1-6dc30a3087c3,1,226,Customer 109,customer109@example.com,5511999991109,2025-12-09T03:18:14.423Z
e4a6d576-9f5b-41c5-a921-ac8956e2e1a7,1,226,Customer 110,customer110@example.com,5511999991110,2025-12-09T03:18:14.423Z
bce8b358-c5e0-44aa-a424-1656afa1183c,1,226,Customer 111,customer111@example.com,5511999991111,2025-12-09T03:18:14.423Z
5ce87a5f-a66c-4ae5-be12-39df80b3d30d,1,226,Customer 112,customer112@example.com,5511999991112,2025-12-09T03:18:14.423Z
364c41f3-6ba9-4ac7-a6ba-dfc43d7c07da,1,226,Customer 113,customer113@example.com,5511999991113,2025-12-09T03:18:14.423Z
9159ca18-6e5a-45b4-ac8c-3913e705c83e,1,226,Customer 114,customer114@example.com,5511999991114,2025-12-09T03:18:14.423Z
5eb656b7-2724-46e4-8b61-3538daf8678c,1,226,Customer 115,customer115@example.com,5511999991115,2025-12-09T03:18:14.423Z
8118c232-8a63-405a-9d82-28a563ae96f5,1,226,Customer 116,customer116@example.com,5511999991116,2025-12-09T03:18:14.423Z
bce70c5b-1c23-4cbd-9c77-61b4d3c11c89,1,226,Customer 117,customer117@example.com,5511999991117,2025-12-09T03:18:14.423Z
b5b395e2-883b-44cf-9525-540a03e4d94d,1,226,Customer 118,customer118@example.com,5511999991118,2025-12-09T03:18:14.423Z
92914b07-d219-490c-bcd1-496bbfff9be5,1,226,Customer 119,customer119@example.com,5511999991119,2025-12-09T03:18:14.424Z
45d11f6a-43aa-4e8f-addd-bffa2eb4f77c,1,226,Customer 120,customer120@example.com,5511999991120,2025-12-09T03:18:14.424Z
40dcdc30-b935-4520-b34d-aa91ecb62e8b,1,226,Customer 121,customer121@example.com,5511999991121,2025-12-09T03:18:14.424Z
59af898c-a7ff-42a0-ae9f-1e6de9fbfa1c,1,226,Customer 122,customer122@example.com,5511999991122,2025-12-09T03:18:14.424Z
ea52a6a9-82da-449a-9e58-cdbc32a33d88,1,226,Customer 123,customer123@example.com,5511999991123,2025-12-09T03:18:14.424Z
8e3dd1da-6e58-4259-9db3-55fae8f214d3,1,226,Customer 124,customer124@example.com,5511999991124,2025-12-09T03:18:14.424Z
e783ac0b-8b00-485f-82b2-ab3b88d89f6f,1,226,Customer 125,customer125@example.com,5511999991125,2025-12-09T03:18:14.424Z
f9f3e75f-8abb-4b47-a6e2-300cc4f128a5,1,226,Customer 126,customer126@example.com,5511999991126,2025-12-09T03:18:14.424Z
e5b7b409-4ed1-4cd8-a3f2-20db97110ba9,1,226,Customer 127,customer127@example.com,5511999991127,2025-12-09T03:18:14.424Z
03548329-2601-4161-9640-4d2e5d3ee5b3,1,226,Customer 128,customer128@example.com,5511999991128,2025-12-09T03:18:14.424Z
941fd71b-a267-49a5-9662-59d24419df5e,1,226,Customer 129,customer129@example.com,5511999991129,2025-12-09T03:18:14.424Z
08ae7470-e5b8-4d5f-b7c7-4e66d028c3b2,1,226,Customer 130,customer130@example.com,5511999991130,2025-12-09T03:18:14.424Z
37347282-5090-49b8-b45e-b563ccf963ca,1,227,Customer 131,customer131@example.com,5511999991131,2025-12-09T03:18:14.424Z
7df49daa-273a-4d4f-b309-6b44678453e9,1,227,Customer 132,customer132@example.com,5511999991132,2025-12-09T03:18:14.425Z
01e2ad4d-1a61-4769-a556-a919ffc32c88,1,227,Customer 133,customer133@example.com,5511999991133,2025-12-09T03:18:14.425Z
7b1fc5b5-0042-4d13-aa90-ccf4cad7fd5f,1,227,Customer 134,customer134@example.com,5511999991134,2025-12-09T03:18:14.425Z
cc3cf981-d311-4303-9fbe-217b19dd3499,1,227,Customer 135,customer135@example.com,5511999991135,2025-12-09T03:18:14.425Z
8be96da2-7cd8-48c7-b5ba-9d87dc7a4cf6,1,227,Customer 136,customer136@example.com,5511999991136,2025-12-09T03:18:14.425Z
0494bb76-7140-472e-a6ba-977fb6fbc6db,1,227,Customer 137,customer137@example.com,5511999991137,2025-12-09T03:18:14.425Z
fe567fdf-8fea-4d87-bd4a-46bc6ef7f8f4,1,227,Customer 138,customer138@example.com,5511999991138,2025-12-09T03:18:14.425Z
cc282ba6-85dd-470a-8281-1b059b19bcaa,1,227,Customer 139,customer139@example.com,5511999991139,2025-12-09T03:18:14.425Z
280f00f6-07f5-4d19-90e2-fb18be1d2a79,1,227,Customer 140,customer140@example.com,5511999991140,2025-12-09T03:18:14.425Z
d091748c-c2c1-4456-9e58-c3228d191f23,1,227,Customer 141,customer141@example.com,5511999991141,2025-12-09T03:18:14.425Z
e74bc614-62c3-4067-99b7-e062b6b380b5,1,227,Customer 142,customer142@example.com,5511999991142,2025-12-09T03:18:14.425Z
ba5695fb-39f9-4e9d-8ec8-6c3329f1b967,1,227,Customer 143,customer143@example.com,5511999991143,2025-12-09T03:18:14.425Z
ddb60c87-0c20-4fb0-b64f-ee9940c6ddc3,1,227,Customer 144,customer144@example.com,5511999991144,2025-12-09T03:18:14.425Z
1bf3e0e9-1fb5-4769-9146-612e31175e12,1,227,Customer 145,customer145@example.com,5511999991145,2025-12-09T03:18:14.425Z
92b2bd22-f6a8-4387-9477-f63cf2897d20,1,227,Customer 146,customer146@example.com,5511999991146,2025-12-09T03:18:14.425Z
66b765fe-5df6-4e7d-8f3c-571f50be1e9d,1,227,Customer 147,customer147@example.com,5511999991147,2025-12-09T03:18:14.425Z
a9400ccf-a2bc-47e2-b908-6f02093faa3f,1,227,Customer 148,customer148@example.com,5511999991148,2025-12-09T03:18:14.425Z
2e754ea8-150c-4cbd-8037-f6ef0588a0e7,1,227,Customer 149,customer149@example.com,5511999991149,2025-12-09T03:18:14.425Z
f7d29da0-a475-4496-8f1f-94023d755214,1,227,Customer 150,customer150@example.com,5511999991150,2025-12-09T03:18:14.425Z
a242d498-dd45-4168-b8df-a707c3ccd2ef,1,227,Customer 151,customer151@example.com,5511999991151,2025-12-09T03:18:14.425Z
27ff0eb2-bf07-4c80-9177-c390f4b7e49f,1,228,Customer 152,customer152@example.com,5511999991152,2025-12-09T03:18:14.425Z
9595c88f-a15d-429f-91ba-756f3dd95efb,1,228,Customer 153,customer153@example.com,5511999991153,2025-12-09T03:18:14.425Z
3234de28-bcab-422e-b5f2-f57489b75db1,1,228,Customer 154,customer154@example.com,5511999991154,2025-12-09T03:18:14.425Z
a721791d-e06d-4049-abeb-e1101db83c34,1,228,Customer 155,customer155@example.com,5511999991155,2025-12-09T03:18:14.425Z
11641858-b35b-4040-81bb-b36de494b471,1,228,Customer 156,customer156@example.com,5511999991156,2025-12-09T03:18:14.425Z
7698bde4-6b58-4583-b848-d23b230d623e,1,228,Customer 157,customer157@example.com,5511999991157,2025-12-09T03:18:14.425Z
ab9cadf2-6d0f-4c9f-8932-1b06f2bbcb3f,1,228,Customer 158,customer158@example.com,5511999991158,2025-12-09T03:18:14.425Z
b8b6ac2f-91cc-488c-9052-1ba0f47e756f,1,228,Customer 159,customer159@example.com,5511999991159,2025-12-09T03:18:14.425Z
6afa7179-8e15-4d89-9147-b63f03d9f6f0,1,228,Customer 160,customer160@example.com,5511999991160,2025-12-09T03:18:14.426Z
ff612eec-5e92-4ef3-a334-c93efbecb27d,1,228,Customer 161,customer161@example.com,5511999991161,2025-12-09T03:18:14.426Z
adc28b5b-c311-4ca3-bcdb-2447da818be2,1,228,Customer 162,customer162@example.com,5511999991162,2025-12-09T03:18:14.426Z
98938445-e07a-4991-9df1-cd22a5b72cec,1,228,Customer 163,customer163@example.com,5511999991163,2025-12-09T03:18:14.426Z
169fa08b-8099-426d-8bfb-a8672d4d12bd,1,228,Customer 164,customer164@example.com,5511999991164,2025-12-09T03:18:14.426Z
a483035d-a654-42b3-b312-28e3700cedd1,1,228,Customer 165,customer165@example.com,5511999991165,2025-12-09T03:18:14.426Z
63891f7e-f247-46c7-9c10-3c5c8bc2eb0e,1,228,Customer 166,customer166@example.com,5511999991166,2025-12-09T03:18:14.426Z
3f1cc834-c402-474b-b601-73db08286837,1,228,Customer 167,customer167@example.com,5511999991167,2025-12-09T03:18:14.426Z
ef2bc514-a347-4934-b3e3-556712506550,1,228,Customer 168,customer168@example.com,5511999991168,2025-12-09T03:18:14.426Z
4036c4ad-9b8e-4b4d-b461-e9c5d0f4d5cc,1,228,Customer 169,customer169@example.com,5511999991169,2025-12-09T03:18:14.426Z
cf342d5d-8b86-4d1c-ab48-307340b63e14,1,228,Customer 170,customer170@example.com,5511999991170,2025-12-09T03:18:14.426Z
166140b4-b2bb-4788-b52c-a2d558f44d22,1,228,Customer 171,customer171@example.com,5511999991171,2025-12-09T03:18:14.426Z
a2d93da5-8ed4-413b-bf59-996e809e08c9,1,228,Customer 172,customer172@example.com,5511999991172,2025-12-09T03:18:14.426Z
9c7c4b6c-5947-4fe3-a3cb-662921c2a5e1,1,228,Customer 173,customer173@example.com,5511999991173,2025-12-09T03:18:14.426Z
51692abf-d543-4bf5-b41e-42cfa3ad509e,1,228,Customer 174,customer174@example.com,5511999991174,2025-12-09T03:18:14.426Z
3dc72712-1527-4cca-9312-5f6013a13f70,1,228,Customer 175,customer175@example.com,5511999991175,2025-12-09T03:18:14.426Z
e35569ad-fc8e-4030-8d8c-150965cc2f7c,1,228,Customer 176,customer176@example.com,5511999991176,2025-12-09T03:18:14.426Z
9bcce322-d531-48c0-b757-e02fee8f5875,1,228,Customer 177,customer177@example.com,5511999991177,2025-12-09T03:18:14.426Z
0b950510-fb9e-4a79-884c-b1b049fe2722,1,228,Customer 178,customer178@example.com,5511999991178,2025-12-09T03:18:14.426Z
421aa091-ab17-4562-8af1-92863daf8ea1,1,228,Customer 179,customer179@example.com,5511999991179,2025-12-09T03:18:14.426Z
75c1880a-4831-4b9c-bd08-f8a005c64bb6,1,228,Customer 180,customer180@example.com,5511999991180,2025-12-09T03:18:14.426Z
f944856b-af72-4fef-9aeb-8ec68df07dd6,1,228,Customer 181,customer181@example.com,5511999991181,2025-12-09T03:18:14.426Z
94a060af-93c3-4c07-b180-29c7d796c01d,1,228,Customer 182,customer182@example.com,5511999991182,2025-12-09T03:18:14.426Z
4ea87d86-3646-4d4c-b800-287ebbb03263,1,228,Customer 183,customer183@example.com,5511999991183,2025-12-09T03:18:14.426Z
46a153f3-cb2f-4b01-850f-7d95ecc4472e,1,228,Customer 184,customer184@example.com,5511999991184,2025-12-09T03:18:14.426Z
eb2e2b00-9e3a-4306-ac90-213f951c2794,1,228,Customer 185,customer185@example.com,5511999991185,2025-12-09T03:18:14.426Z
7f81ecc7-96de-4337-a2d9-c62e0ca7d8e7,1,228,Customer 186,customer186@example.com,5511999991186,2025-12-09T03:18:14.426Z
f8d6addd-87ac-4316-8a73-3ac74a4463fa,1,228,Customer 187,customer187@example.com,5511999991187,2025-12-09T03:18:14.426Z
58127055-ff62-43d4-bd02-c55b8bdc1254,1,228,Customer 188,customer188@example.com,5511999991188,2025-12-09T03:18:14.426Z
05d44275-ad14-427e-b00e-44f8e71c9bac,1,228,Customer 189,customer189@example.com,5511999991189,2025-12-09T03:18:14.426Z
df144007-a4c0-4486-9006-d3c11cb6180c,1,228,Customer 190,customer190@example.com,5511999991190,2025-12-09T03:18:14.426Z
9eb737a4-8632-46b7-949a-a11b6e28173c,1,228,Customer 191,customer191@example.com,5511999991191,2025-12-09T03:18:14.426Z
5f57f277-c272-43b5-8bff-66d57ad825b5,1,228,Customer 192,customer192@example.com,5511999991192,2025-12-09T03:18:14.426Z
3b9afedc-0b7b-4a9e-a55c-7803c9463cf6,1,228,Customer 193,customer193@example.com,5511999991193,2025-12-09T03:18:14.426Z
9ebdc62f-22ce-46a2-b44e-4d37f9afb4f2,1,228,Customer 194,customer194@example.com,5511999991194,2025-12-09T03:18:14.426Z
10055f59-19ff-4ca9-9d2d-bf97f45a691d,1,228,Customer 195,customer195@example.com,5511999991195,2025-12-09T03:18:14.426Z
a39788b6-55b0-45a8-80e0-7d09bf7fc1cf,1,228,Customer 196,customer196@example.com,5511999991196,2025-12-09T03:18:14.426Z
530a01ce-84a8-4e4c-b897-e04a94b5c291,1,229,Customer 197,customer197@example.com,5511999991197,2025-12-09T03:18:14.426Z
d46c3470-37ec-462f-acd9-7748cec6ca83,1,229,Customer 198,customer198@example.com,5511999991198,2025-12-09T03:18:14.426Z
44f0109a-c508-4fc4-81c4-6be924765463,1,229,Customer 199,customer199@example.com,5511999991199,2025-12-09T03:18:14.426Z
ddfab9c8-1427-4f16-8448-0d1ca5833b11,1,229,Customer 200,customer200@example.com,5511999991200,2025-12-09T03:18:14.426Z
e5d2ddb0-8c7f-47bf-981f-06600f1df730,1,229,Customer 201,customer201@example.com,5511999991201,2025-12-09T03:18:14.426Z
230681d4-3bb4-4b61-9ef6-0e6d5f841683,1,229,Customer 202,customer202@example.com,5511999991202,2025-12-09T03:18:14.426Z
acd924cd-8ccb-4d93-bd83-12f0c5164ce6,1,229,Customer 203,customer203@example.com,5511999991203,2025-12-09T03:18:14.426Z
6df8d2af-956a-4b5f-8821-63bcd62819a0,1,229,Customer 204,customer204@example.com,5511999991204,2025-12-09T03:18:14.426Z
93689ad6-bc2a-4951-8817-6981495e113b,1,229,Customer 205,customer205@example.com,5511999991205,2025-12-09T03:18:14.426Z
fd5797d9-7f48-4127-a7b1-13645acd6ccf,1,229,Customer 206,customer206@example.com,5511999991206,2025-12-09T03:18:14.426Z
5ca07af4-d939-493c-9464-c969fe20ebac,1,229,Customer 207,customer207@example.com,5511999991207,2025-12-09T03:18:14.426Z
d07f1011-4f4e-4860-b202-bebca84ddba9,1,229,Customer 208,customer208@example.com,5511999991208,2025-12-09T03:18:14.426Z
8abb3df8-e7c4-4051-a6bb-561adbe3e4ad,1,229,Customer 209,customer209@example.com,5511999991209,2025-12-09T03:18:14.427Z
ef1e50d4-8d44-496b-a642-e420029fd526,1,229,Customer 210,customer210@example.com,5511999991210,2025-12-09T03:18:14.427Z
dc0436d7-d302-453f-ad23-1035ebb7c406,1,229,Customer 211,customer211@example.com,5511999991211,2025-12-09T03:18:14.427Z
160f3217-37f4-42ec-ba2b-01d9af65f1e1,1,229,Customer 212,customer212@example.com,5511999991212,2025-12-09T03:18:14.427Z
d39d2cd7-09d4-4f95-94ff-ca5ad9ffb201,1,229,Customer 213,customer213@example.com,5511999991213,2025-12-09T03:18:14.427Z
0c5e1b8b-ef9f-437e-9253-b6567838846a,1,229,Customer 214,customer214@example.com,5511999991214,2025-12-09T03:18:14.427Z
28d265ce-2569-4d9b-ba11-8f58c29e5702,1,229,Customer 215,customer215@example.com,5511999991215,2025-12-09T03:18:14.427Z
e1708905-f42b-4176-9635-a66cb28e572a,1,229,Customer 216,customer216@example.com,5511999991216,2025-12-09T03:18:14.427Z
e3213c80-9696-4679-82e4-374e6eebc553,1,229,Customer 217,customer217@example.com,5511999991217,2025-12-09T03:18:14.427Z
2159bb3a-c2c8-417e-8a17-5d24cc0d2aa5,1,229,Customer 218,customer218@example.com,5511999991218,2025-12-09T03:18:14.427Z
2ed9a8aa-6891-4bcc-97b5-f6f8d9d5f494,1,229,Customer 219,customer219@example.com,5511999991219,2025-12-09T03:18:14.427Z
8cbd16a8-2661-48d8-b918-fcc2822117b3,1,230,Customer 220,customer220@example.com,5511999991220,2025-12-09T03:18:14.427Z
ce6b5dcb-d24c-4cf8-a4e5-1618bcf450f8,1,230,Customer 221,customer221@example.com,5511999991221,2025-12-09T03:18:14.427Z
4c50c2a8-8b87-498e-b752-5252cfc9f2b7,1,230,Customer 222,customer222@example.com,5511999991222,2025-12-09T03:18:14.427Z
55a19170-6e09-4529-8928-a6d18ab1b727,1,230,Customer 223,customer223@example.com,5511999991223,2025-12-09T03:18:14.427Z
ebb99f79-7d71-443d-937a-6119e8a3989e,1,230,Customer 224,customer224@example.com,5511999991224,2025-12-09T03:18:14.427Z
5e9276c1-98d1-403d-99d0-167cd760ce81,1,230,Customer 225,customer225@example.com,5511999991225,2025-12-09T03:18:14.427Z
ea45d216-92c0-4b4b-9abe-a8649b4b8bae,1,230,Customer 226,customer226@example.com,5511999991226,2025-12-09T03:18:14.427Z
b36a83c6-2067-481d-8987-7588e7df52e1,1,230,Customer 227,customer227@example.com,5511999991227,2025-12-09T03:18:14.427Z
c9e1592f-92bd-420d-8c8a-5674ee77b286,1,230,Customer 228,customer228@example.com,5511999991228,2025-12-09T03:18:14.427Z
0325cb4e-e02c-4932-a8bb-8354b23f3c99,1,230,Customer 229,customer229@example.com,5511999991229,2025-12-09T03:18:14.427Z
d94426d0-80da-4ee2-a8fd-cc3c6f9111bc,1,230,Customer 230,customer230@example.com,5511999991230,2025-12-09T03:18:14.427Z
b8e2eb1a-b4f6-4345-838e-df042b99c899,1,230,Customer 231,customer231@example.com,5511999991231,2025-12-09T03:18:14.427Z
14ef973d-6c53-420d-bd2e-4f2f562b99d8,1,230,Customer 232,customer232@example.com,5511999991232,2025-12-09T03:18:14.427Z
babe329c-6f55-4a65-9f90-3d21ae18ed1d,1,230,Customer 233,customer233@example.com,5511999991233,2025-12-09T03:18:14.427Z
ed11f560-ef3b-4aa5-b85c-7f49499bb9db,1,230,Customer 234,customer234@example.com,5511999991234,2025-12-09T03:18:14.427Z
35209e2e-6092-426c-8b84-3db92bea764f,1,230,Customer 235,customer235@example.com,5511999991235,2025-12-09T03:18:14.427Z
6fb42103-cc92-4823-9c2e-ca5c1cc67b34,1,230,Customer 236,customer236@example.com,5511999991236,2025-12-09T03:18:14.427Z
6d0097e6-c798-4d68-8062-d7a85a6ff616,1,230,Customer 237,customer237@example.com,5511999991237,2025-12-09T03:18:14.427Z
4905fd1f-e868-4570-ae27-61b78a992f67,1,230,Customer 238,customer238@example.com,5511999991238,2025-12-09T03:18:14.427Z
3cbfa432-d7f8-4cf8-b605-9b9e495b0fa3,1,230,Customer 239,customer239@example.com,5511999991239,2025-12-09T03:18:14.427Z
e44c4edd-59bc-4be7-9acd-2e1c60aa6755,1,230,Customer 240,customer240@example.com,5511999991240,2025-12-09T03:18:14.427Z
a6f48819-e6c8-450c-bf5e-84bd2714ae4e,1,230,Customer 241,customer241@example.com,5511999991241,2025-12-09T03:18:14.427Z
9c0d22cd-d5bc-48fd-8d78-c3485ad02252,1,230,Customer 242,customer242@example.com,5511999991242,2025-12-09T03:18:14.427Z
44c9b2e0-7abe-418f-aead-2b2ee48c7b6c,1,230,Customer 243,customer243@example.com,5511999991243,2025-12-09T03:18:14.427Z
7ecd910b-14e3-4229-b5a4-c653af93c942,1,230,Customer 244,customer244@example.com,5511999991244,2025-12-09T03:18:14.427Z
189954b4-9b0d-47cf-8ea9-6b22dca5c86f,1,230,Customer 245,customer245@example.com,5511999991245,2025-12-09T03:18:14.427Z
3be78fab-a62f-407d-a134-ca0adaa10a3d,1,230,Customer 246,customer246@example.com,5511999991246,2025-12-09T03:18:14.427Z
d812c23c-4341-41e6-a1d4-8646229805a7,1,230,Customer 247,customer247@example.com,5511999991247,2025-12-09T03:18:14.427Z
738485eb-358a-46f4-922a-5a5188219982,1,230,Customer 248,customer248@example.com,5511999991248,2025-12-09T03:18:14.427Z
ea73b415-f2fc-4106-9940-91b6515a244b,1,230,Customer 249,customer249@example.com,5511999991249,2025-12-09T03:18:14.427Z
69cebde7-2d7a-4763-965e-25749ead4b0a,1,230,Customer 250,customer250@example.com,5511999991250,2025-12-09T03:18:14.427Z
1b5128bb-a0b3-40f9-bda7-3292cc6eb523,1,230,Customer 251,customer251@example.com,5511999991251,2025-12-09T03:18:14.427Z
90546983-6cc6-43b2-a9c2-8800c9dd9d78,1,230,Customer 252,customer252@example.com,5511999991252,2025-12-09T03:18:14.427Z
205ba6d7-2027-4ee9-a6f5-338718dbbefc,1,230,Customer 253,customer253@example.com,5511999991253,2025-12-09T03:18:14.427Z
f0edca7d-9822-4786-8854-3b84f5e17b8f,1,230,Customer 254,customer254@example.com,5511999991254,2025-12-09T03:18:14.427Z
dd99559a-ab20-498b-9f9a-6e5c4a6b7f09,1,230,Customer 255,customer255@example.com,5511999991255,2025-12-09T03:18:14.427Z
0ae2e11e-4257-4778-bd31-1e591e97eeeb,1,230,Customer 256,customer256@example.com,5511999991256,2025-12-09T03:18:14.427Z
6e55043d-9acf-40de-99d8-99c1bfab9d96,1,230,Customer 257,customer257@example.com,5511999991257,2025-12-09T03:18:14.427Z
7a4cfd61-7dc9-443d-b904-aa1da5d71689,1,230,Customer 258,customer258@example.com,5511999991258,2025-12-09T03:18:14.427Z
a7eaf371-e3f8-4780-9a26-1cf7b81c2713,1,230,Customer 259,customer259@example.com,5511999991259,2025-12-09T03:18:14.428Z
0d74f841-67e2-4de5-98c9-e8e227770475,1,230,Customer 260,customer260@example.com,5511999991260,2025-12-09T03:18:14.428Z
6ca25a65-2c83-4895-9d3a-3bdd14501de6,1,231,Customer 261,customer261@example.com,5511999991261,2025-12-09T03:18:14.428Z
636375f5-aabf-495c-a3a3-e006ab7199c4,1,231,Customer 262,customer262@example.com,5511999991262,2025-12-09T03:18:14.428Z
62d33f8a-1e6c-432c-91d5-8f90452f58ee,1,231,Customer 263,customer263@example.com,5511999991263,2025-12-09T03:18:14.428Z
8dc59202-7dd8-4c4d-a776-76481d9b02ab,1,231,Customer 264,customer264@example.com,5511999991264,2025-12-09T03:18:14.428Z
e302d272-d7d4-45bb-97aa-0fce148daa30,1,231,Customer 265,customer265@example.com,5511999991265,2025-12-09T03:18:14.428Z
119841da-2a91-478a-95ed-2dd287a341e2,1,231,Customer 266,customer266@example.com,5511999991266,2025-12-09T03:18:14.428Z
9761cc55-e0dd-4d93-95c0-fdabfc94aba4,1,231,Customer 267,customer267@example.com,5511999991267,2025-12-09T03:18:14.428Z
97b96c11-43e9-4265-8d12-6e1886caab90,1,231,Customer 268,customer268@example.com,5511999991268,2025-12-09T03:18:14.428Z
8b6bef79-6bb2-4446-8911-f280d6b954fd,1,231,Customer 269,customer269@example.com,5511999991269,2025-12-09T03:18:14.428Z
84987b27-9d0e-4365-8df7-b4a04b66fa3c,1,231,Customer 270,customer270@example.com,5511999991270,2025-12-09T03:18:14.428Z
632aaf73-302b-49d5-97d1-e7d7e2291cb7,1,231,Customer 271,customer271@example.com,5511999991271,2025-12-09T03:18:14.428Z
0826c417-1296-4305-a120-0a039ec9896e,1,231,Customer 272,customer272@example.com,5511999991272,2025-12-09T03:18:14.428Z
7691a36b-b08e-4e00-9894-a02da255f13c,1,231,Customer 273,customer273@example.com,5511999991273,2025-12-09T03:18:14.428Z
076cfe1d-82c0-41ba-8d82-87e2e12233a0,1,231,Customer 274,customer274@example.com,5511999991274,2025-12-09T03:18:14.428Z
68ceaa11-0c65-47e9-ad08-fc372f86acea,1,231,Customer 275,customer275@example.com,5511999991275,2025-12-09T03:18:14.428Z
b6611796-2b15-4fb0-ba4e-f5419fc50e03,1,231,Customer 276,customer276@example.com,5511999991276,2025-12-09T03:18:14.428Z
20d2a6bc-6a18-4076-a7b1-a6b302513e0b,1,231,Customer 277,customer277@example.com,5511999991277,2025-12-09T03:18:14.428Z
63b9502d-a984-406a-bd16-5bf71a0c85fd,1,231,Customer 278,customer278@example.com,5511999991278,2025-12-09T03:18:14.428Z
9dd3c102-25ef-4be6-a7a7-d14daf5bee77,1,231,Customer 279,customer279@example.com,5511999991279,2025-12-09T03:18:14.428Z
71e960cc-7f1d-479e-84f4-73940f8758de,1,231,Customer 280,customer280@example.com,5511999991280,2025-12-09T03:18:14.428Z
3d5f0125-1528-479b-901a-e0b5634a8a49,1,231,Customer 281,customer281@example.com,5511999991281,2025-12-09T03:18:14.428Z
ab18a76d-dad7-4855-813c-5a64f791411b,1,231,Customer 282,customer282@example.com,5511999991282,2025-12-09T03:18:14.428Z
4e07096d-92e9-4104-961f-365591b0ee14,1,231,Customer 283,customer283@example.com,5511999991283,2025-12-09T03:18:14.428Z
25a118ba-00e7-4847-88f4-1f0fdec31664,1,231,Customer 284,customer284@example.com,5511999991284,2025-12-09T03:18:14.429Z
56e58305-6709-48ee-ae04-a08ab3e83a0c,1,231,Customer 285,customer285@example.com,5511999991285,2025-12-09T03:18:14.429Z
d545b413-e02d-4f18-859e-5298d99bf3e3,1,231,Customer 286,customer286@example.com,5511999991286,2025-12-09T03:18:14.429Z
3210663e-a9e1-4cfd-9444-320783eb229b,1,231,Customer 287,customer287@example.com,5511999991287,2025-12-09T03:18:14.429Z
f87011fe-790d-4c60-b632-f2de569c1dfb,1,231,Customer 288,customer288@example.com,5511999991288,2025-12-09T03:18:14.429Z
bf296601-399f-42d2-88c6-a5f261216403,1,231,Customer 289,customer289@example.com,5511999991289,2025-12-09T03:18:14.429Z
cb68e1cb-1d43-4995-a10f-4cf528ad705c,1,231,Customer 290,customer290@example.com,5511999991290,2025-12-09T03:18:14.429Z
6d9ff4ad-64c3-4054-a661-6f7ca0d274a5,1,231,Customer 291,customer291@example.com,5511999991291,2025-12-09T03:18:14.429Z
120c62e0-c584-4cc5-9883-ba820ed40825,1,231,Customer 292,customer292@example.com,5511999991292,2025-12-09T03:18:14.429Z
3e6de94d-d481-4f64-a24f-2da9fcedcd9c,1,231,Customer 293,customer293@example.com,5511999991293,2025-12-09T03:18:14.429Z
fbbb1cc4-448a-4af8-966e-2c189b5083cd,1,231,Customer 294,customer294@example.com,5511999991294,2025-12-09T03:18:14.429Z
02012c4a-8eb7-40b1-9c4d-e283e513a07c,1,231,Customer 295,customer295@example.com,5511999991295,2025-12-09T03:18:14.429Z
ee40052d-9564-4dec-9636-99d024070e8b,1,231,Customer 296,customer296@example.com,5511999991296,2025-12-09T03:18:14.429Z
4a5e6fab-cf5b-4cd2-9ea2-00dddbb960a0,1,231,Customer 297,customer297@example.com,5511999991297,2025-12-09T03:18:14.429Z
850ca651-7f49-48ee-83ee-ffc9e72bf45c,1,231,Customer 298,customer298@example.com,5511999991298,2025-12-09T03:18:14.429Z
ce5adbd2-c10e-430d-8a2b-343f35dbc63c,1,231,Customer 299,customer299@example.com,5511999991299,2025-12-09T03:18:14.429Z
d37730fc-0080-4497-b59d-5e5500b0e5c4,1,231,Customer 300,customer300@example.com,5511999991300,2025-12-09T03:18:14.429Z
1a4b42eb-24d5-4dfc-bbc0-419504a0579c,1,231,Customer 301,customer301@example.com,5511999991301,2025-12-09T03:18:14.429Z
775316b3-c7fe-4d1e-9b9c-765daa7d0110,1,231,Customer 302,customer302@example.com,5511999991302,2025-12-09T03:18:14.429Z
565d9471-d350-42da-8f38-4d1d4a8b927b,1,231,Customer 303,customer303@example.com,5511999991303,2025-12-09T03:18:14.429Z
a765c7c5-c67a-4b5f-8c39-b94a52e54ce8,1,232,Customer 304,customer304@example.com,5511999991304,2025-12-09T03:18:14.429Z
47d98c70-7413-4487-854a-2dda839b3283,1,232,Customer 305,customer305@example.com,5511999991305,2025-12-09T03:18:14.429Z
b0daf9c9-947e-4994-a0bc-d2e1459f354b,1,232,Customer 306,customer306@example.com,5511999991306,2025-12-09T03:18:14.429Z
ff265844-2ff8-4097-9f2e-b3385a179def,1,232,Customer 307,customer307@example.com,5511999991307,2025-12-09T03:18:14.429Z
ee397baf-5a0f-40e3-b6aa-b9ac88af1ff9,1,232,Customer 308,customer308@example.com,5511999991308,2025-12-09T03:18:14.429Z
7c98ec33-ff8b-4ab3-9060-45b5e45993b2,1,232,Customer 309,customer309@example.com,5511999991309,2025-12-09T03:18:14.429Z
4dcbd936-6c71-4a1e-b7ea-82505053f7c7,1,232,Customer 310,customer310@example.com,5511999991310,2025-12-09T03:18:14.429Z
30b08454-8b49-4284-862f-0dfd106ff7b3,1,232,Customer 311,customer311@example.com,5511999991311,2025-12-09T03:18:14.429Z
ff2a114f-e99d-4deb-aa4b-d6334721bf3a,1,232,Customer 312,customer312@example.com,5511999991312,2025-12-09T03:18:14.429Z
14f60d4a-50a5-4951-aed0-d0b9d6136bd2,1,232,Customer 313,customer313@example.com,5511999991313,2025-12-09T03:18:14.429Z
ecc414cb-0ffd-4d82-ae5a-c211d2072387,1,232,Customer 314,customer314@example.com,5511999991314,2025-12-09T03:18:14.429Z
ada74be7-f3b7-4732-b099-41d9631fce38,1,232,Customer 315,customer315@example.com,5511999991315,2025-12-09T03:18:14.429Z
d0a8ca46-8ce4-4d9e-91c8-50a6ee24c842,1,232,Customer 316,customer316@example.com,5511999991316,2025-12-09T03:18:14.429Z
78ac23dc-742c-456e-bea6-16df4e2e6d82,1,232,Customer 317,customer317@example.com,5511999991317,2025-12-09T03:18:14.429Z
3014b314-2402-485d-af9d-24c2440ba363,1,232,Customer 318,customer318@example.com,5511999991318,2025-12-09T03:18:14.429Z
18eae1ba-2167-4bb9-841c-4f2c3fac5adf,1,232,Customer 319,customer319@example.com,5511999991319,2025-12-09T03:18:14.429Z
619299c0-6570-4443-8342-7b608e817a22,1,232,Customer 320,customer320@example.com,5511999991320,2025-12-09T03:18:14.429Z
ed860d31-3dd2-4c04-8baf-488719afd0eb,1,232,Customer 321,customer321@example.com,5511999991321,2025-12-09T03:18:14.429Z
7e83ec4e-a4cb-4c88-bdd4-5f94acfed642,1,232,Customer 322,customer322@example.com,5511999991322,2025-12-09T03:18:14.429Z
4d121748-40cc-4ef0-bcbb-6a78d8cb277f,1,232,Customer 323,customer323@example.com,5511999991323,2025-12-09T03:18:14.430Z
24f09874-ae96-4bcb-b9d4-437934e2d1a6,1,232,Customer 324,customer324@example.com,5511999991324,2025-12-09T03:18:14.430Z
286d48d2-d1e8-4bda-9203-aba4fdbb6fd0,1,232,Customer 325,customer325@example.com,5511999991325,2025-12-09T03:18:14.430Z
73928146-62d1-4836-a837-2c9d16f0f58f,1,232,Customer 326,customer326@example.com,5511999991326,2025-12-09T03:18:14.430Z
34abd933-a92b-4410-b047-76eb9d9b52d2,1,232,Customer 327,customer327@example.com,5511999991327,2025-12-09T03:18:14.430Z
c999b62c-8e44-45e7-89d5-7261779c8413,1,232,Customer 328,customer328@example.com,5511999991328,2025-12-09T03:18:14.430Z
455751d5-9469-4ca2-88c6-e49aab0ea9b7,1,232,Customer 329,customer329@example.com,5511999991329,2025-12-09T03:18:14.430Z
8f9424cc-3687-412e-9c5f-fb640b450a69,1,232,Customer 330,customer330@example.com,5511999991330,2025-12-09T03:18:14.430Z
3fa9f51d-c838-4fac-bb1d-3e858fc171c3,1,232,Customer 331,customer331@example.com,5511999991331,2025-12-09T03:18:14.430Z
3bb2f9a2-9caa-45a0-b29c-0c4c8be52145,1,232,Customer 332,customer332@example.com,5511999991332,2025-12-09T03:18:14.430Z
64dbf11b-088a-4345-bf81-5bcafaad4975,1,232,Customer 333,customer333@example.com,5511999991333,2025-12-09T03:18:14.430Z
956d9f0d-9cac-4545-9fd7-34e57842b47e,1,232,Customer 334,customer334@example.com,5511999991334,2025-12-09T03:18:14.430Z
03abebf7-4774-403e-a635-5e3dee058dfd,1,232,Customer 335,customer335@example.com,5511999991335,2025-12-09T03:18:14.430Z
859ad783-61b8-4581-b073-a149075a6ab5,1,232,Customer 336,customer336@example.com,5511999991336,2025-12-09T03:18:14.430Z
f1c0a386-734a-430a-b2d2-3a768ff277d5,1,232,Customer 337,customer337@example.com,5511999991337,2025-12-09T03:18:14.430Z
43ca345a-72d7-4a50-ab0c-b93643074096,1,232,Customer 338,customer338@example.com,5511999991338,2025-12-09T03:18:14.430Z
54946e8d-1e43-4e57-8a0d-31000a0755f1,1,232,Customer 339,customer339@example.com,5511999991339,2025-12-09T03:18:14.430Z
b8549e7b-f3ad-4616-96da-03de41f09733,1,232,Customer 340,customer340@example.com,5511999991340,2025-12-09T03:18:14.430Z
30eecc0d-4439-4184-bdd3-65cf93800a82,1,232,Customer 341,customer341@example.com,5511999991341,2025-12-09T03:18:14.430Z
817d818f-b676-4920-b950-bf0763393ffb,1,232,Customer 342,customer342@example.com,5511999991342,2025-12-09T03:18:14.430Z
c575ab02-c3af-4f18-9cc9-6516b5401f3e,1,232,Customer 343,customer343@example.com,5511999991343,2025-12-09T03:18:14.430Z
733eee95-a50a-4594-a9e8-f40c5b29eaab,1,232,Customer 344,customer344@example.com,5511999991344,2025-12-09T03:18:14.430Z
2da05dd1-59c0-42b1-b870-c5e128896e4e,1,232,Customer 345,customer345@example.com,5511999991345,2025-12-09T03:18:14.430Z
ee78d1fd-6671-4b7f-8f25-bb1fa27f9ebc,1,232,Customer 346,customer346@example.com,5511999991346,2025-12-09T03:18:14.430Z
efb4a085-e866-4a89-a648-ed4282b06ef6,1,232,Customer 347,customer347@example.com,5511999991347,2025-12-09T03:18:14.430Z
3a1379f1-8130-4063-b60d-0f8dc11cf122,1,233,Customer 348,customer348@example.com,5511999991348,2025-12-09T03:18:14.430Z
1980dd0c-fc21-4207-a949-acfd46a88c42,1,233,Customer 349,customer349@example.com,5511999991349,2025-12-09T03:18:14.430Z
7c7c5020-b98f-48f7-9b9b-d6bfb52c88ad,1,233,Customer 350,customer350@example.com,5511999991350,2025-12-09T03:18:14.430Z
40aa9727-7da5-405a-a9f8-cf5b7e8f47f9,1,233,Customer 351,customer351@example.com,5511999991351,2025-12-09T03:18:14.430Z
cd5b3762-dac0-4035-bc6c-7fa1240509d9,1,233,Customer 352,customer352@example.com,5511999991352,2025-12-09T03:18:14.430Z
25502a04-ddc5-4b36-a838-26dd19d96b6e,1,233,Customer 353,customer353@example.com,5511999991353,2025-12-09T03:18:14.430Z
3ce3fb5f-89da-44d4-b361-1a7663cfaafd,1,233,Customer 354,customer354@example.com,5511999991354,2025-12-09T03:18:14.430Z
c023f7dd-c0cf-4939-9937-b303084bb1cd,1,233,Customer 355,customer355@example.com,5511999991355,2025-12-09T03:18:14.430Z
03e26893-e834-4c42-b323-0426238f646a,1,233,Customer 356,customer356@example.com,5511999991356,2025-12-09T03:18:14.430Z
b32b4054-32a2-45fa-8487-c697ac922c9a,1,233,Customer 357,customer357@example.com,5511999991357,2025-12-09T03:18:14.430Z
c2568a72-f1a4-4572-bab6-55450c2f95e4,1,233,Customer 358,customer358@example.com,5511999991358,2025-12-09T03:18:14.430Z
e802ddc4-9e57-4174-b3b2-bd7426372b10,1,233,Customer 359,customer359@example.com,5511999991359,2025-12-09T03:18:14.430Z
da8a502c-f2c4-4810-93ee-b23cb70bdeb1,1,233,Customer 360,customer360@example.com,5511999991360,2025-12-09T03:18:14.430Z
63ad3c34-3ef8-4fbf-9e5b-8d3bbec0b8ea,1,233,Customer 361,customer361@example.com,5511999991361,2025-12-09T03:18:14.430Z
9f2649b3-a768-4832-961e-6f267ba157e7,1,233,Customer 362,customer362@example.com,5511999991362,2025-12-09T03:18:14.430Z
6dc8e1d5-2be8-43c1-9a44-c63744c2871e,1,233,Customer 363,customer363@example.com,5511999991363,2025-12-09T03:18:14.430Z
4ee59dd0-4722-4534-b846-4fca7124616d,1,233,Customer 364,customer364@example.com,5511999991364,2025-12-09T03:18:14.430Z
a29abca8-f275-406b-9efb-187dcc9c68b3,1,233,Customer 365,customer365@example.com,5511999991365,2025-12-09T03:18:14.430Z
fb4ca32c-8ec6-4d3b-bfbe-14dd1dd219cc,1,233,Customer 366,customer366@example.com,5511999991366,2025-12-09T03:18:14.430Z
8a67b219-0637-407d-b822-fc649ae8afbd,1,233,Customer 367,customer367@example.com,5511999991367,2025-12-09T03:18:14.430Z
58a413a3-7cb2-4ebf-9719-e1cb0b8f1f7e,1,233,Customer 368,customer368@example.com,5511999991368,2025-12-09T03:18:14.430Z
bbaa7a6d-f6ed-496e-8ab2-8d53a7195c27,1,233,Customer 369,customer369@example.com,5511999991369,2025-12-09T03:18:14.430Z
fc782251-f74a-46ab-88b4-9e60b4ade639,1,233,Customer 370,customer370@example.com,5511999991370,2025-12-09T03:18:14.430Z
a1518073-fcfb-4686-a5ff-5d43ad0b84b5,1,233,Customer 371,customer371@example.com,5511999991371,2025-12-09T03:18:14.430Z
4bf3f0cc-52ba-485f-8265-896e2570add1,1,233,Customer 372,customer372@example.com,5511999991372,2025-12-09T03:18:14.430Z
e15aba8d-b7ea-4d3f-b047-b4740770fca3,1,233,Customer 373,customer373@example.com,5511999991373,2025-12-09T03:18:14.430Z
69e88a0d-7915-4186-a752-115c6c44480a,1,233,Customer 374,customer374@example.com,5511999991374,2025-12-09T03:18:14.430Z
faee5293-bb0a-40d8-b040-71f062c85f92,1,233,Customer 375,customer375@example.com,5511999991375,2025-12-09T03:18:14.430Z
20df3e3b-f030-4539-864c-d4ae672247eb,1,233,Customer 376,customer376@example.com,5511999991376,2025-12-09T03:18:14.430Z
13594804-d4b9-48f9-b765-00653d2f019c,1,233,Customer 377,customer377@example.com,5511999991377,2025-12-09T03:18:14.431Z
41ad4ed4-9aa3-4de0-8849-f9ef57093427,1,233,Customer 378,customer378@example.com,5511999991378,2025-12-09T03:18:14.431Z
347935d8-a75c-4235-812f-78403e062ea1,1,233,Customer 379,customer379@example.com,5511999991379,2025-12-09T03:18:14.431Z
2771b794-13ad-485e-9208-1417e5d96967,1,233,Customer 380,customer380@example.com,5511999991380,2025-12-09T03:18:14.431Z
a2e2ede3-e8c6-4303-afd4-542a24e92966,1,233,Customer 381,customer381@example.com,5511999991381,2025-12-09T03:18:14.431Z
5c06064b-305f-41a5-b383-d9cddec9c641,1,233,Customer 382,customer382@example.com,5511999991382,2025-12-09T03:18:14.431Z
025fb73e-75ea-4207-ab23-a776f5963cf0,1,233,Customer 383,customer383@example.com,5511999991383,2025-12-09T03:18:14.431Z
a64b3280-02d4-4f0c-b303-09026ad6d758,1,233,Customer 384,customer384@example.com,5511999991384,2025-12-09T03:18:14.431Z
c079651a-a2af-4fb7-9255-2083206be6e0,1,233,Customer 385,customer385@example.com,5511999991385,2025-12-09T03:18:14.431Z
ea2df94e-7026-4519-b1f2-b95813dae126,1,233,Customer 386,customer386@example.com,5511999991386,2025-12-09T03:18:14.431Z
6300936d-9c0c-41bd-b15d-fe12f09dee8f,1,233,Customer 387,customer387@example.com,5511999991387,2025-12-09T03:18:14.431Z
7a4e75db-d323-4305-b055-52f1b9d4308e,1,233,Customer 388,customer388@example.com,5511999991388,2025-12-09T03:18:14.431Z
df4f3235-ed2f-4ee0-b1e0-f17480b19bc4,1,234,Customer 389,customer389@example.com,5511999991389,2025-12-09T03:18:14.431Z
39cdfa2c-1139-4bcd-a3b2-681c9a34d0f0,1,234,Customer 390,customer390@example.com,5511999991390,2025-12-09T03:18:14.431Z
df865115-9b7a-4413-bce4-7d3ba496be5b,1,234,Customer 391,customer391@example.com,5511999991391,2025-12-09T03:18:14.431Z
6c6218ed-5e2f-4d2a-9eab-8e8aaa74f0fc,1,234,Customer 392,customer392@example.com,5511999991392,2025-12-09T03:18:14.431Z
412d4f51-f2a0-4521-90bc-6a09dd3e1cb2,1,234,Customer 393,customer393@example.com,5511999991393,2025-12-09T03:18:14.431Z
2ec9ce45-9a41-48b7-acab-a94f65a977fe,1,234,Customer 394,customer394@example.com,5511999991394,2025-12-09T03:18:14.431Z
3a67ee8b-1793-4eb9-83c5-9b7e6b552335,1,234,Customer 395,customer395@example.com,5511999991395,2025-12-09T03:18:14.431Z
521b617f-37d0-4a34-b5fa-e1b2c8faafdc,1,234,Customer 396,customer396@example.com,5511999991396,2025-12-09T03:18:14.431Z
2590d439-55df-4c5a-acea-e67b6c0aa92d,1,234,Customer 397,customer397@example.com,5511999991397,2025-12-09T03:18:14.431Z
df65360d-0c28-43b7-8026-b91ac9fd217b,1,234,Customer 398,customer398@example.com,5511999991398,2025-12-09T03:18:14.431Z
b95990f3-3bfb-4041-8a2f-a7c88fc55c50,1,234,Customer 399,customer399@example.com,5511999991399,2025-12-09T03:18:14.431Z
df53a910-0cdd-4dd7-bbd7-73f8ec6ac5a3,1,234,Customer 400,customer400@example.com,5511999991400,2025-12-09T03:18:14.431Z
a3260e4a-0d5e-4b84-8a31-009f7c6878c3,1,234,Customer 401,customer401@example.com,5511999991401,2025-12-09T03:18:14.431Z
586a7f95-e906-4229-a212-6736120aeeea,1,234,Customer 402,customer402@example.com,5511999991402,2025-12-09T03:18:14.431Z
7988de05-b93b-4e6e-b02f-6b3123bbf1aa,1,234,Customer 403,customer403@example.com,5511999991403,2025-12-09T03:18:14.431Z
701616b2-7f6e-44f5-88e9-94dd5f811a58,1,234,Customer 404,customer404@example.com,5511999991404,2025-12-09T03:18:14.431Z
6c689a53-d285-4d35-9f77-45511829305f,1,234,Customer 405,customer405@example.com,5511999991405,2025-12-09T03:18:14.431Z
4037e1a4-4dc7-40ad-86f9-9115106f47d5,1,234,Customer 406,customer406@example.com,5511999991406,2025-12-09T03:18:14.431Z
814db384-d264-4ee0-8c1e-dbcb8d716d7b,1,234,Customer 407,customer407@example.com,5511999991407,2025-12-09T03:18:14.431Z
7e087035-0091-4077-a1fd-330864cc8a3d,1,234,Customer 408,customer408@example.com,5511999991408,2025-12-09T03:18:14.431Z
4017f710-f004-4d20-bd4f-6cc4114fe456,1,234,Customer 409,customer409@example.com,5511999991409,2025-12-09T03:18:14.431Z
8c077696-1bfa-401c-bbba-2b7572f9b370,1,234,Customer 410,customer410@example.com,5511999991410,2025-12-09T03:18:14.431Z
c19eea66-d79d-4452-8f17-c229b9e49301,1,234,Customer 411,customer411@example.com,5511999991411,2025-12-09T03:18:14.431Z
010b95d6-f8cd-4f6e-be48-72c1252c0257,1,234,Customer 412,customer412@example.com,5511999991412,2025-12-09T03:18:14.431Z
e3ef707a-1aaa-42ec-ab70-f32e67412c60,1,234,Customer 413,customer413@example.com,5511999991413,2025-12-09T03:18:14.431Z
439ac7ca-8b5b-48ed-9d09-0ed84cfb71d1,1,234,Customer 414,customer414@example.com,5511999991414,2025-12-09T03:18:14.431Z
f707c515-8806-4a7c-a078-2b1944b76df4,1,234,Customer 415,customer415@example.com,5511999991415,2025-12-09T03:18:14.431Z
04917744-58cd-4a6d-a83e-a5b9835e5f77,1,234,Customer 416,customer416@example.com,5511999991416,2025-12-09T03:18:14.431Z
9694aaf1-2e40-4188-a22c-098b3b068f60,1,234,Customer 417,customer417@example.com,5511999991417,2025-12-09T03:18:14.431Z
8ded5c6d-e5c3-40b7-b165-2fa3d9022d6e,1,234,Customer 418,customer418@example.com,5511999991418,2025-12-09T03:18:14.431Z
164112f2-7fe0-4f46-a686-935def107b40,1,234,Customer 419,customer419@example.com,5511999991419,2025-12-09T03:18:14.431Z
0c09852b-41c2-4a3b-9a89-031dd79f8b1d,1,234,Customer 420,customer420@example.com,5511999991420,2025-12-09T03:18:14.431Z
9818e24c-84f5-434f-97c9-a5a919bab4f3,1,234,Customer 421,customer421@example.com,5511999991421,2025-12-09T03:18:14.431Z
693599f7-b2c7-4908-8c89-18d1f786639e,1,234,Customer 422,customer422@example.com,5511999991422,2025-12-09T03:18:14.431Z
8aa5408c-4952-409a-b9c3-2cdb06bfb87c,1,234,Customer 423,customer423@example.com,5511999991423,2025-12-09T03:18:14.431Z
fe9ed9eb-b8d9-41f9-a3db-bc3b6bf14b37,1,234,Customer 424,customer424@example.com,5511999991424,2025-12-09T03:18:14.431Z
8dec8e2b-caa4-45b5-ba6e-a26e55ba9ef5,1,234,Customer 425,customer425@example.com,5511999991425,2025-12-09T03:18:14.431Z
cb640aba-77f6-4e99-880b-c95ec2c45ab9,1,234,Customer 426,customer426@example.com,5511999991426,2025-12-09T03:18:14.431Z
c2c2fa0e-067b-40b5-b2cc-255ceb0c7128,1,234,Customer 427,customer427@example.com,5511999991427,2025-12-09T03:18:14.431Z
